refDes,week,delivered_human,c1_expected_human,pct_technical,c3_expected_human,pct_retention,pct_science,pct_climatology
CE04OSBP-LJ01C-05-ADCPSI103,2026-05-11,630 MiB,630 MiB,100.0,630 MiB,100.0,100.0,
CE04OSBP-LJ01C-05-ADCPSI103,2026-05-18,630 MiB,630 MiB,100.0,630 MiB,100.0,100.0,
CE04OSBP-LJ01C-05-ADCPSI103,2026-05-25,630 MiB,630 MiB,100.0,630 MiB,100.0,100.0,
CE04OSBP-LJ01C-05-ADCPSI103,2026-06-01,630 MiB,630 MiB,100.0,630 MiB,100.0,100.0,
CE04OSBP-LJ01C-05-ADCPSI103,2026-06-08,630 MiB,630 MiB,100.0,630 MiB,100.0,100.0,
CE04OSBP-LJ01C-05-ADCPSI103,2026-06-15,630 MiB,630 MiB,100.0,630 MiB,100.0,100.0,
CE04OSBP-LJ01C-05-ADCPSI103,2026-06-22,630 MiB,630 MiB,100.0,630 MiB,100.0,100.0,
CE04OSBP-LJ01C-05-ADCPSI103,2026-06-29,630 MiB,630 MiB,100.0,630 MiB,100.0,100.0,
CE04OSBP-LJ01C-05-ADCPSI103,2026-07-06,630 MiB,630 MiB,100.0,630 MiB,100.0,100.0,
CE04OSBP-LJ01C-05-ADCPSI103,2026-07-13,630 MiB,630 MiB,100.0,630 MiB,100.0,100.0,
CE04OSBP-LJ01C-05-ADCPSI103,2026-07-20,630 MiB,630 MiB,100.0,630 MiB,100.0,100.0,
CE04OSBP-LJ01C-05-ADCPSI103,2026-07-27,630 MiB,630 MiB,100.0,630 MiB,100.0,100.0,
CE04OSBP-LJ01C-05-ADCPSI103,2026-08-03,630 MiB,630 MiB,100.0,630 MiB,100.0,100.0,
RS01SUM2-MJ01B-12-ADCPSK101,2026-05-11,630 MiB,630 MiB,100.0,630 MiB,100.0,100.0,
RS01SUM2-MJ01B-12-ADCPSK101,2026-05-18,630 MiB,630 MiB,100.0,630 MiB,100.0,100.0,
RS01SUM2-MJ01B-12-ADCPSK101,2026-05-25,630 MiB,630 MiB,100.0,630 MiB,100.0,100.0,
RS01SUM2-MJ01B-12-ADCPSK101,2026-06-01,630 MiB,630 MiB,100.0,630 MiB,100.0,100.0,
RS01SUM2-MJ01B-12-ADCPSK101,2026-06-08,630 MiB,630 MiB,100.0,630 MiB,100.0,100.0,
RS01SUM2-MJ01B-12-ADCPSK101,2026-06-15,630 MiB,630 MiB,100.0,630 MiB,100.0,100.0,
RS01SUM2-MJ01B-12-ADCPSK101,2026-06-22,630 MiB,630 MiB,100.0,630 MiB,100.0,100.0,
RS01SUM2-MJ01B-12-ADCPSK101,2026-06-29,630 MiB,630 MiB,100.0,630 MiB,100.0,100.0,
RS01SUM2-MJ01B-12-ADCPSK101,2026-07-06,630 MiB,630 MiB,100.0,630 MiB,100.0,100.0,
RS01SUM2-MJ01B-12-ADCPSK101,2026-07-13,630 MiB,630 MiB,100.0,630 MiB,100.0,100.0,
RS01SUM2-MJ01B-12-ADCPSK101,2026-07-20,630 MiB,630 MiB,100.0,630 MiB,100.0,100.0,
RS01SUM2-MJ01B-12-ADCPSK101,2026-07-27,630 MiB,630 MiB,100.0,630 MiB,100.0,100.0,
RS01SUM2-MJ01B-12-ADCPSK101,2026-08-03,630 MiB,630 MiB,100.0,630 MiB,100.0,100.0,
CE02SHBP-LJ01D-05-ADCPTB104,2026-05-11,644 MiB,644 MiB,100.0,644 MiB,100.0,100.0,
CE02SHBP-LJ01D-05-ADCPTB104,2026-05-18,644 MiB,644 MiB,100.0,644 MiB,100.0,100.0,
CE02SHBP-LJ01D-05-ADCPTB104,2026-05-25,644 MiB,644 MiB,100.0,644 MiB,100.0,100.0,
CE02SHBP-LJ01D-05-ADCPTB104,2026-06-01,644 MiB,644 MiB,100.0,644 MiB,100.0,100.0,
CE02SHBP-LJ01D-05-ADCPTB104,2026-06-08,644 MiB,644 MiB,100.0,644 MiB,100.0,100.0,
CE02SHBP-LJ01D-05-ADCPTB104,2026-06-15,644 MiB,644 MiB,100.0,644 MiB,100.0,100.0,
CE02SHBP-LJ01D-05-ADCPTB104,2026-06-22,644 MiB,644 MiB,100.0,644 MiB,100.0,100.0,
CE02SHBP-LJ01D-05-ADCPTB104,2026-06-29,644 MiB,644 MiB,100.0,644 MiB,100.0,100.0,
CE02SHBP-LJ01D-05-ADCPTB104,2026-07-06,644 MiB,644 MiB,100.0,644 MiB,100.0,100.0,
CE02SHBP-LJ01D-05-ADCPTB104,2026-07-13,644 MiB,644 MiB,100.0,644 MiB,100.0,100.0,
CE02SHBP-LJ01D-05-ADCPTB104,2026-07-20,644 MiB,644 MiB,100.0,644 MiB,100.0,100.0,
CE02SHBP-LJ01D-05-ADCPTB104,2026-07-27,644 MiB,644 MiB,100.0,644 MiB,100.0,100.0,
CE02SHBP-LJ01D-05-ADCPTB104,2026-08-03,644 MiB,644 MiB,100.0,644 MiB,100.0,100.0,
RS01SBPS-PC01A-05-ADCPTD102,2026-05-11,630 MiB,630 MiB,100.0,630 MiB,100.0,100.0,
RS01SBPS-PC01A-05-ADCPTD102,2026-05-18,630 MiB,630 MiB,100.0,630 MiB,100.0,100.0,
RS01SBPS-PC01A-05-ADCPTD102,2026-05-25,630 MiB,630 MiB,100.0,630 MiB,100.0,100.0,
RS01SBPS-PC01A-05-ADCPTD102,2026-06-01,630 MiB,630 MiB,100.0,630 MiB,100.0,100.0,
RS01SBPS-PC01A-05-ADCPTD102,2026-06-08,630 MiB,630 MiB,100.0,630 MiB,100.0,100.0,
RS01SBPS-PC01A-05-ADCPTD102,2026-06-15,630 MiB,630 MiB,100.0,630 MiB,100.0,100.0,
RS01SBPS-PC01A-05-ADCPTD102,2026-06-22,630 MiB,630 MiB,100.0,630 MiB,100.0,100.0,
RS01SBPS-PC01A-05-ADCPTD102,2026-06-29,630 MiB,630 MiB,100.0,630 MiB,100.0,100.0,
RS01SBPS-PC01A-05-ADCPTD102,2026-07-06,630 MiB,630 MiB,100.0,630 MiB,100.0,100.0,
RS01SBPS-PC01A-05-ADCPTD102,2026-07-13,630 MiB,630 MiB,100.0,630 MiB,100.0,100.0,
RS01SBPS-PC01A-05-ADCPTD102,2026-07-20,630 MiB,630 MiB,100.0,630 MiB,100.0,100.0,
RS01SBPS-PC01A-05-ADCPTD102,2026-07-27,630 MiB,630 MiB,100.0,630 MiB,100.0,100.0,
RS01SBPS-PC01A-05-ADCPTD102,2026-08-03,630 MiB,630 MiB,100.0,630 MiB,100.0,100.0,
RS03AXPS-PC03A-05-ADCPTD302,2026-05-11,630 MiB,630 MiB,100.0,630 MiB,100.0,100.0,
RS03AXPS-PC03A-05-ADCPTD302,2026-05-18,630 MiB,630 MiB,100.0,630 MiB,100.0,100.0,
RS03AXPS-PC03A-05-ADCPTD302,2026-05-25,630 MiB,630 MiB,100.0,630 MiB,100.0,100.0,
RS03AXPS-PC03A-05-ADCPTD302,2026-06-01,630 MiB,630 MiB,100.0,630 MiB,100.0,100.0,
RS03AXPS-PC03A-05-ADCPTD302,2026-06-08,630 MiB,630 MiB,100.0,630 MiB,100.0,100.0,
RS03AXPS-PC03A-05-ADCPTD302,2026-06-15,630 MiB,630 MiB,100.0,630 MiB,100.0,100.0,
RS03AXPS-PC03A-05-ADCPTD302,2026-06-22,630 MiB,630 MiB,100.0,630 MiB,100.0,100.0,
RS03AXPS-PC03A-05-ADCPTD302,2026-06-29,630 MiB,630 MiB,100.0,630 MiB,100.0,100.0,
RS03AXPS-PC03A-05-ADCPTD302,2026-07-06,630 MiB,630 MiB,100.0,630 MiB,100.0,100.0,
RS03AXPS-PC03A-05-ADCPTD302,2026-07-13,630 MiB,630 MiB,100.0,630 MiB,100.0,100.0,
RS03AXPS-PC03A-05-ADCPTD302,2026-07-20,630 MiB,630 MiB,100.0,630 MiB,100.0,100.0,
RS03AXPS-PC03A-05-ADCPTD302,2026-07-27,630 MiB,630 MiB,100.0,630 MiB,100.0,100.0,
RS03AXPS-PC03A-05-ADCPTD302,2026-08-03,630 MiB,630 MiB,100.0,630 MiB,100.0,100.0,
RS01SLBS-LJ01A-10-ADCPTE101,2026-05-11,0 bytes,0 bytes,,630 MiB,0.0,,
RS01SLBS-LJ01A-10-ADCPTE101,2026-05-18,0 bytes,0 bytes,,630 MiB,0.0,,
RS01SLBS-LJ01A-10-ADCPTE101,2026-05-25,0 bytes,0 bytes,,630 MiB,0.0,,
RS01SLBS-LJ01A-10-ADCPTE101,2026-06-01,0 bytes,0 bytes,,630 MiB,0.0,,
RS01SLBS-LJ01A-10-ADCPTE101,2026-06-08,0 bytes,0 bytes,,630 MiB,0.0,,
RS01SLBS-LJ01A-10-ADCPTE101,2026-06-15,0 bytes,0 bytes,,630 MiB,0.0,,
RS01SLBS-LJ01A-10-ADCPTE101,2026-06-22,0 bytes,0 bytes,,630 MiB,0.0,,
RS01SLBS-LJ01A-10-ADCPTE101,2026-06-29,0 bytes,0 bytes,,630 MiB,0.0,,
RS01SLBS-LJ01A-10-ADCPTE101,2026-07-06,0 bytes,0 bytes,,630 MiB,0.0,,
RS01SLBS-LJ01A-10-ADCPTE101,2026-07-13,0 bytes,0 bytes,,630 MiB,0.0,,
RS01SLBS-LJ01A-10-ADCPTE101,2026-07-20,0 bytes,0 bytes,,630 MiB,0.0,,
RS01SLBS-LJ01A-10-ADCPTE101,2026-07-27,0 bytes,0 bytes,,630 MiB,0.0,,
RS01SLBS-LJ01A-10-ADCPTE101,2026-08-03,0 bytes,0 bytes,,630 MiB,0.0,,
RS03AXBS-LJ03A-10-ADCPTE303,2026-05-11,630 MiB,630 MiB,100.0,630 MiB,100.0,100.0,
RS03AXBS-LJ03A-10-ADCPTE303,2026-05-18,630 MiB,630 MiB,100.0,630 MiB,100.0,100.0,
RS03AXBS-LJ03A-10-ADCPTE303,2026-05-25,630 MiB,630 MiB,100.0,630 MiB,100.0,100.0,
RS03AXBS-LJ03A-10-ADCPTE303,2026-06-01,630 MiB,630 MiB,100.0,630 MiB,100.0,100.0,
RS03AXBS-LJ03A-10-ADCPTE303,2026-06-08,630 MiB,630 MiB,100.0,630 MiB,100.0,100.0,
RS03AXBS-LJ03A-10-ADCPTE303,2026-06-15,630 MiB,630 MiB,100.0,630 MiB,100.0,100.0,
RS03AXBS-LJ03A-10-ADCPTE303,2026-06-22,630 MiB,630 MiB,100.0,630 MiB,100.0,100.0,
RS03AXBS-LJ03A-10-ADCPTE303,2026-06-29,630 MiB,630 MiB,100.0,630 MiB,100.0,100.0,
RS03AXBS-LJ03A-10-ADCPTE303,2026-07-06,630 MiB,630 MiB,100.0,630 MiB,100.0,100.0,
RS03AXBS-LJ03A-10-ADCPTE303,2026-07-13,630 MiB,630 MiB,100.0,630 MiB,100.0,100.0,
RS03AXBS-LJ03A-10-ADCPTE303,2026-07-20,630 MiB,630 MiB,100.0,630 MiB,100.0,100.0,
RS03AXBS-LJ03A-10-ADCPTE303,2026-07-27,630 MiB,630 MiB,100.0,630 MiB,100.0,100.0,
RS03AXBS-LJ03A-10-ADCPTE303,2026-08-03,630 MiB,630 MiB,100.0,630 MiB,100.0,100.0,
RS03CCAL-MJ03F-05-BOTPTA301,2026-05-11,112 MiB,112 MiB,100.0,112 MiB,100.0,,
RS03CCAL-MJ03F-05-BOTPTA301,2026-05-18,112 MiB,112 MiB,100.0,112 MiB,100.0,,
RS03CCAL-MJ03F-05-BOTPTA301,2026-05-25,112 MiB,112 MiB,100.0,112 MiB,100.0,,
RS03CCAL-MJ03F-05-BOTPTA301,2026-06-01,112 MiB,112 MiB,100.0,112 MiB,100.0,,
RS03CCAL-MJ03F-05-BOTPTA301,2026-06-08,112 MiB,112 MiB,100.0,112 MiB,100.0,,
RS03CCAL-MJ03F-05-BOTPTA301,2026-06-15,112 MiB,112 MiB,100.0,112 MiB,100.0,,
RS03CCAL-MJ03F-05-BOTPTA301,2026-06-22,112 MiB,112 MiB,100.0,112 MiB,100.0,,
RS03CCAL-MJ03F-05-BOTPTA301,2026-06-29,112 MiB,112 MiB,100.0,112 MiB,100.0,,
RS03CCAL-MJ03F-05-BOTPTA301,2026-07-06,112 MiB,112 MiB,100.0,112 MiB,100.0,,
RS03CCAL-MJ03F-05-BOTPTA301,2026-07-13,112 MiB,112 MiB,100.0,112 MiB,100.0,,
RS03CCAL-MJ03F-05-BOTPTA301,2026-07-20,112 MiB,112 MiB,100.0,112 MiB,100.0,,
RS03CCAL-MJ03F-05-BOTPTA301,2026-07-27,112 MiB,112 MiB,100.0,112 MiB,100.0,,
RS03CCAL-MJ03F-05-BOTPTA301,2026-08-03,112 MiB,112 MiB,100.0,112 MiB,100.0,,
RS03ECAL-MJ03E-06-BOTPTA302,2026-05-11,714 MiB,714 MiB,100.0,714 MiB,100.0,,
RS03ECAL-MJ03E-06-BOTPTA302,2026-05-18,714 MiB,714 MiB,100.0,714 MiB,100.0,,
RS03ECAL-MJ03E-06-BOTPTA302,2026-05-25,714 MiB,714 MiB,100.0,714 MiB,100.0,,
RS03ECAL-MJ03E-06-BOTPTA302,2026-06-01,714 MiB,714 MiB,100.0,714 MiB,100.0,,
RS03ECAL-MJ03E-06-BOTPTA302,2026-06-08,714 MiB,714 MiB,100.0,714 MiB,100.0,,
RS03ECAL-MJ03E-06-BOTPTA302,2026-06-15,714 MiB,714 MiB,100.0,714 MiB,100.0,,
RS03ECAL-MJ03E-06-BOTPTA302,2026-06-22,714 MiB,714 MiB,100.0,714 MiB,100.0,,
RS03ECAL-MJ03E-06-BOTPTA302,2026-06-29,714 MiB,714 MiB,100.0,714 MiB,100.0,,
RS03ECAL-MJ03E-06-BOTPTA302,2026-07-06,714 MiB,714 MiB,100.0,714 MiB,100.0,,
RS03ECAL-MJ03E-06-BOTPTA302,2026-07-13,714 MiB,714 MiB,100.0,714 MiB,100.0,,
RS03ECAL-MJ03E-06-BOTPTA302,2026-07-20,714 MiB,714 MiB,100.0,714 MiB,100.0,,
RS03ECAL-MJ03E-06-BOTPTA302,2026-07-27,714 MiB,714 MiB,100.0,714 MiB,100.0,,
RS03ECAL-MJ03E-06-BOTPTA302,2026-08-03,714 MiB,714 MiB,100.0,714 MiB,100.0,,
RS03INT2-MJ03D-06-BOTPTA303,2026-05-11,112 MiB,112 MiB,100.0,112 MiB,100.0,,
RS03INT2-MJ03D-06-BOTPTA303,2026-05-18,112 MiB,112 MiB,100.0,112 MiB,100.0,,
RS03INT2-MJ03D-06-BOTPTA303,2026-05-25,112 MiB,112 MiB,100.0,112 MiB,100.0,,
RS03INT2-MJ03D-06-BOTPTA303,2026-06-01,112 MiB,112 MiB,100.0,112 MiB,100.0,,
RS03INT2-MJ03D-06-BOTPTA303,2026-06-08,112 MiB,112 MiB,100.0,112 MiB,100.0,,
RS03INT2-MJ03D-06-BOTPTA303,2026-06-15,112 MiB,112 MiB,100.0,112 MiB,100.0,,
RS03INT2-MJ03D-06-BOTPTA303,2026-06-22,112 MiB,112 MiB,100.0,112 MiB,100.0,,
RS03INT2-MJ03D-06-BOTPTA303,2026-06-29,112 MiB,112 MiB,100.0,112 MiB,100.0,,
RS03INT2-MJ03D-06-BOTPTA303,2026-07-06,112 MiB,112 MiB,100.0,112 MiB,100.0,,
RS03INT2-MJ03D-06-BOTPTA303,2026-07-13,112 MiB,112 MiB,100.0,112 MiB,100.0,,
RS03INT2-MJ03D-06-BOTPTA303,2026-07-20,112 MiB,112 MiB,100.0,112 MiB,100.0,,
RS03INT2-MJ03D-06-BOTPTA303,2026-07-27,112 MiB,112 MiB,100.0,112 MiB,100.0,,
RS03INT2-MJ03D-06-BOTPTA303,2026-08-03,112 MiB,112 MiB,100.0,112 MiB,100.0,,
RS03ASHS-MJ03B-09-BOTPTA304,2026-05-11,112 MiB,112 MiB,100.0,112 MiB,100.0,,
RS03ASHS-MJ03B-09-BOTPTA304,2026-05-18,112 MiB,112 MiB,100.0,112 MiB,100.0,,
RS03ASHS-MJ03B-09-BOTPTA304,2026-05-25,112 MiB,112 MiB,100.0,112 MiB,100.0,,
RS03ASHS-MJ03B-09-BOTPTA304,2026-06-01,112 MiB,112 MiB,100.0,112 MiB,100.0,,
RS03ASHS-MJ03B-09-BOTPTA304,2026-06-08,112 MiB,112 MiB,100.0,112 MiB,100.0,,
RS03ASHS-MJ03B-09-BOTPTA304,2026-06-15,112 MiB,112 MiB,100.0,112 MiB,100.0,,
RS03ASHS-MJ03B-09-BOTPTA304,2026-06-22,112 MiB,112 MiB,100.0,112 MiB,100.0,,
RS03ASHS-MJ03B-09-BOTPTA304,2026-06-29,112 MiB,112 MiB,100.0,112 MiB,100.0,,
RS03ASHS-MJ03B-09-BOTPTA304,2026-07-06,112 MiB,112 MiB,100.0,112 MiB,100.0,,
RS03ASHS-MJ03B-09-BOTPTA304,2026-07-13,112 MiB,112 MiB,100.0,112 MiB,100.0,,
RS03ASHS-MJ03B-09-BOTPTA304,2026-07-20,112 MiB,112 MiB,100.0,112 MiB,100.0,,
RS03ASHS-MJ03B-09-BOTPTA304,2026-07-27,112 MiB,112 MiB,100.0,112 MiB,100.0,,
RS03ASHS-MJ03B-09-BOTPTA304,2026-08-03,112 MiB,112 MiB,100.0,112 MiB,100.0,,
RS01SUM2-MJ01B-05-CAMDSB103,2026-05-11,7.26 GiB,13.9 GiB,52.2,13.9 GiB,52.2,,
RS01SUM2-MJ01B-05-CAMDSB103,2026-05-18,7.26 GiB,13.9 GiB,52.3,13.9 GiB,52.3,,
RS01SUM2-MJ01B-05-CAMDSB103,2026-05-25,7.3 GiB,13.9 GiB,52.5,13.9 GiB,52.5,,
RS01SUM2-MJ01B-05-CAMDSB103,2026-06-01,7.29 GiB,13.9 GiB,52.5,13.9 GiB,52.5,,
RS01SUM2-MJ01B-05-CAMDSB103,2026-06-08,7.31 GiB,13.9 GiB,52.6,13.9 GiB,52.6,,
RS01SUM2-MJ01B-05-CAMDSB103,2026-06-15,7.38 GiB,13.9 GiB,53.1,13.9 GiB,53.1,,
RS01SUM2-MJ01B-05-CAMDSB103,2026-06-22,7.5 GiB,13.9 GiB,54.0,13.9 GiB,54.0,,
RS01SUM2-MJ01B-05-CAMDSB103,2026-06-29,7.52 GiB,13.9 GiB,54.1,13.9 GiB,54.1,,
RS01SUM2-MJ01B-05-CAMDSB103,2026-07-06,7.52 GiB,13.9 GiB,54.1,13.9 GiB,54.1,,
RS01SUM2-MJ01B-05-CAMDSB103,2026-07-13,7.47 GiB,13.9 GiB,53.7,13.9 GiB,53.7,,
RS01SUM2-MJ01B-05-CAMDSB103,2026-07-20,7.53 GiB,13.9 GiB,54.2,13.9 GiB,54.2,,
RS01SUM2-MJ01B-05-CAMDSB103,2026-07-27,7.48 GiB,13.9 GiB,53.8,13.9 GiB,53.8,,
RS01SUM2-MJ01B-05-CAMDSB103,2026-08-03,7.64 GiB,13.9 GiB,55.0,13.9 GiB,55.0,,
CE04OSBP-LV01C-06-CAMDSB106,2026-05-11,9.27 GiB,16.98 GiB,54.6,16.98 GiB,54.6,,
CE04OSBP-LV01C-06-CAMDSB106,2026-05-18,9.24 GiB,16.98 GiB,54.4,16.98 GiB,54.4,,
CE04OSBP-LV01C-06-CAMDSB106,2026-05-25,9.32 GiB,16.98 GiB,54.9,16.98 GiB,54.9,,
CE04OSBP-LV01C-06-CAMDSB106,2026-06-01,9.2 GiB,16.98 GiB,54.2,16.98 GiB,54.2,,
CE04OSBP-LV01C-06-CAMDSB106,2026-06-08,9.12 GiB,16.98 GiB,53.7,16.98 GiB,53.7,,
CE04OSBP-LV01C-06-CAMDSB106,2026-06-15,9.14 GiB,16.98 GiB,53.8,16.98 GiB,53.8,,
CE04OSBP-LV01C-06-CAMDSB106,2026-06-22,9.11 GiB,16.98 GiB,53.7,16.98 GiB,53.7,,
CE04OSBP-LV01C-06-CAMDSB106,2026-06-29,9.14 GiB,16.98 GiB,53.8,16.98 GiB,53.8,,
CE04OSBP-LV01C-06-CAMDSB106,2026-07-06,9.2 GiB,16.98 GiB,54.2,16.98 GiB,54.2,,
CE04OSBP-LV01C-06-CAMDSB106,2026-07-13,9.21 GiB,16.98 GiB,54.2,16.98 GiB,54.2,,
CE04OSBP-LV01C-06-CAMDSB106,2026-07-20,9.15 GiB,16.98 GiB,53.9,16.98 GiB,53.9,,
CE04OSBP-LV01C-06-CAMDSB106,2026-07-27,9.17 GiB,16.98 GiB,54.0,16.98 GiB,54.0,,
CE04OSBP-LV01C-06-CAMDSB106,2026-08-03,9.17 GiB,16.98 GiB,54.0,16.98 GiB,54.0,,
CE02SHBP-MJ01C-08-CAMDSB107,2026-05-11,0 bytes,0 bytes,,17.91 GiB,0.0,,
CE02SHBP-MJ01C-08-CAMDSB107,2026-05-18,0 bytes,0 bytes,,17.91 GiB,0.0,,
CE02SHBP-MJ01C-08-CAMDSB107,2026-05-25,0 bytes,0 bytes,,17.91 GiB,0.0,,
CE02SHBP-MJ01C-08-CAMDSB107,2026-06-01,0 bytes,0 bytes,,17.91 GiB,0.0,,
CE02SHBP-MJ01C-08-CAMDSB107,2026-06-08,0 bytes,0 bytes,,17.91 GiB,0.0,,
CE02SHBP-MJ01C-08-CAMDSB107,2026-06-15,0 bytes,0 bytes,,17.91 GiB,0.0,,
CE02SHBP-MJ01C-08-CAMDSB107,2026-06-22,0 bytes,0 bytes,,17.91 GiB,0.0,,
CE02SHBP-MJ01C-08-CAMDSB107,2026-06-29,0 bytes,0 bytes,,17.91 GiB,0.0,,
CE02SHBP-MJ01C-08-CAMDSB107,2026-07-06,0 bytes,0 bytes,,17.91 GiB,0.0,,
CE02SHBP-MJ01C-08-CAMDSB107,2026-07-13,0 bytes,0 bytes,,17.91 GiB,0.0,,
CE02SHBP-MJ01C-08-CAMDSB107,2026-07-20,0 bytes,0 bytes,,17.91 GiB,0.0,,
CE02SHBP-MJ01C-08-CAMDSB107,2026-07-27,0 bytes,0 bytes,,17.91 GiB,0.0,,
CE02SHBP-MJ01C-08-CAMDSB107,2026-08-03,0 bytes,0 bytes,,17.91 GiB,0.0,,
RS03INT1-MJ03C-05-CAMDSB303,2026-05-11,7.22 GiB,5.85 GiB,123.5,5.85 GiB,123.5,,
RS03INT1-MJ03C-05-CAMDSB303,2026-05-18,7.14 GiB,5.85 GiB,122.0,5.85 GiB,122.0,,
RS03INT1-MJ03C-05-CAMDSB303,2026-05-25,7.13 GiB,5.85 GiB,121.9,5.85 GiB,121.9,,
RS03INT1-MJ03C-05-CAMDSB303,2026-06-01,7.04 GiB,5.85 GiB,120.4,5.85 GiB,120.4,,
RS03INT1-MJ03C-05-CAMDSB303,2026-06-08,7 GiB,5.85 GiB,119.6,5.85 GiB,119.6,,
RS03INT1-MJ03C-05-CAMDSB303,2026-06-15,6.99 GiB,5.85 GiB,119.4,5.85 GiB,119.4,,
RS03INT1-MJ03C-05-CAMDSB303,2026-06-22,7 GiB,5.85 GiB,119.6,5.85 GiB,119.6,,
RS03INT1-MJ03C-05-CAMDSB303,2026-06-29,7 GiB,5.85 GiB,119.6,5.85 GiB,119.6,,
RS03INT1-MJ03C-05-CAMDSB303,2026-07-06,7.07 GiB,5.85 GiB,120.8,5.85 GiB,120.8,,
RS03INT1-MJ03C-05-CAMDSB303,2026-07-13,7.15 GiB,5.85 GiB,122.2,5.85 GiB,122.2,,
RS03INT1-MJ03C-05-CAMDSB303,2026-07-20,7.14 GiB,5.85 GiB,122.1,5.85 GiB,122.1,,
RS03INT1-MJ03C-05-CAMDSB303,2026-07-27,7.18 GiB,5.85 GiB,122.7,5.85 GiB,122.7,,
RS03INT1-MJ03C-05-CAMDSB303,2026-08-03,7.39 GiB,5.85 GiB,126.3,5.85 GiB,126.3,,
RS01SBPS-PC01A-07-CAMDSC102,2026-05-11,20.7 GiB,13.29 GiB,155.8,13.29 GiB,155.8,,
RS01SBPS-PC01A-07-CAMDSC102,2026-05-18,20.68 GiB,13.29 GiB,155.6,13.29 GiB,155.6,,
RS01SBPS-PC01A-07-CAMDSC102,2026-05-25,20.7 GiB,13.29 GiB,155.8,13.29 GiB,155.8,,
RS01SBPS-PC01A-07-CAMDSC102,2026-06-01,20.62 GiB,13.29 GiB,155.1,13.29 GiB,155.1,,
RS01SBPS-PC01A-07-CAMDSC102,2026-06-08,20.68 GiB,13.29 GiB,155.6,13.29 GiB,155.6,,
RS01SBPS-PC01A-07-CAMDSC102,2026-06-15,20.68 GiB,13.29 GiB,155.6,13.29 GiB,155.6,,
RS01SBPS-PC01A-07-CAMDSC102,2026-06-22,20.67 GiB,13.29 GiB,155.5,13.29 GiB,155.5,,
RS01SBPS-PC01A-07-CAMDSC102,2026-06-29,20.7 GiB,13.29 GiB,155.8,13.29 GiB,155.8,,
RS01SBPS-PC01A-07-CAMDSC102,2026-07-06,20.78 GiB,13.29 GiB,156.4,13.29 GiB,156.4,,
RS01SBPS-PC01A-07-CAMDSC102,2026-07-13,20.91 GiB,13.29 GiB,157.3,13.29 GiB,157.3,,
RS01SBPS-PC01A-07-CAMDSC102,2026-07-20,20.98 GiB,13.29 GiB,157.9,13.29 GiB,157.9,,
RS01SBPS-PC01A-07-CAMDSC102,2026-07-27,21.2 GiB,13.29 GiB,159.5,13.29 GiB,159.5,,
RS01SBPS-PC01A-07-CAMDSC102,2026-08-03,14.3 GiB,13.29 GiB,107.6,13.29 GiB,107.6,,
RS03AXPS-PC03A-07-CAMDSC302,2026-05-11,21.66 GiB,14.79 GiB,146.4,14.79 GiB,146.4,,
RS03AXPS-PC03A-07-CAMDSC302,2026-05-18,21.66 GiB,14.79 GiB,146.4,14.79 GiB,146.4,,
RS03AXPS-PC03A-07-CAMDSC302,2026-05-25,21.66 GiB,14.79 GiB,146.4,14.79 GiB,146.4,,
RS03AXPS-PC03A-07-CAMDSC302,2026-06-01,21.63 GiB,14.79 GiB,146.3,14.79 GiB,146.3,,
RS03AXPS-PC03A-07-CAMDSC302,2026-06-08,21.66 GiB,14.79 GiB,146.4,14.79 GiB,146.4,,
RS03AXPS-PC03A-07-CAMDSC302,2026-06-15,21.66 GiB,14.79 GiB,146.4,14.79 GiB,146.4,,
RS03AXPS-PC03A-07-CAMDSC302,2026-06-22,21.66 GiB,14.79 GiB,146.4,14.79 GiB,146.4,,
RS03AXPS-PC03A-07-CAMDSC302,2026-06-29,21.66 GiB,14.79 GiB,146.4,14.79 GiB,146.4,,
RS03AXPS-PC03A-07-CAMDSC302,2026-07-06,21.66 GiB,14.79 GiB,146.4,14.79 GiB,146.4,,
RS03AXPS-PC03A-07-CAMDSC302,2026-07-13,21.66 GiB,14.79 GiB,146.4,14.79 GiB,146.4,,
RS03AXPS-PC03A-07-CAMDSC302,2026-07-20,21.66 GiB,14.79 GiB,146.4,14.79 GiB,146.4,,
RS03AXPS-PC03A-07-CAMDSC302,2026-07-27,21.66 GiB,14.79 GiB,146.4,14.79 GiB,146.4,,
RS03AXPS-PC03A-07-CAMDSC302,2026-08-03,21.66 GiB,14.79 GiB,146.4,14.79 GiB,146.4,,
RS03ASHS-PN03B-06-CAMHDA301,2026-05-11,837.53 GiB,831.3 GiB,100.7,4.89 TiB,16.7,,
RS03ASHS-PN03B-06-CAMHDA301,2026-05-18,847.51 GiB,831.3 GiB,102.0,4.89 TiB,16.9,,
RS03ASHS-PN03B-06-CAMHDA301,2026-05-25,857.52 GiB,831.3 GiB,103.2,4.89 TiB,17.1,,
RS03ASHS-PN03B-06-CAMHDA301,2026-06-01,844.52 GiB,831.3 GiB,101.6,4.89 TiB,16.9,,
RS03ASHS-PN03B-06-CAMHDA301,2026-06-08,838.52 GiB,831.3 GiB,100.9,4.89 TiB,16.7,,
RS03ASHS-PN03B-06-CAMHDA301,2026-06-15,839.52 GiB,831.3 GiB,101.0,4.89 TiB,16.8,,
RS03ASHS-PN03B-06-CAMHDA301,2026-06-22,834.53 GiB,831.3 GiB,100.4,4.89 TiB,16.7,,
RS03ASHS-PN03B-06-CAMHDA301,2026-06-29,846.52 GiB,831.3 GiB,101.8,4.89 TiB,16.9,,
RS03ASHS-PN03B-06-CAMHDA301,2026-07-06,865.53 GiB,831.3 GiB,104.1,4.89 TiB,17.3,,
RS03ASHS-PN03B-06-CAMHDA301,2026-07-13,866.52 GiB,831.3 GiB,104.2,4.89 TiB,17.3,,
RS03ASHS-PN03B-06-CAMHDA301,2026-07-20,867.53 GiB,831.3 GiB,104.4,4.89 TiB,17.3,,
RS03ASHS-PN03B-06-CAMHDA301,2026-07-27,862.52 GiB,831.3 GiB,103.8,4.89 TiB,17.2,,
RS03ASHS-PN03B-06-CAMHDA301,2026-08-03,862.52 GiB,831.3 GiB,103.8,4.89 TiB,17.2,,
CE02SHBP-LJ01D-06-CTDBPN106,2026-05-11,0 bytes,0 bytes,,30.8 MiB,0.0,,
CE02SHBP-LJ01D-06-CTDBPN106,2026-05-18,0 bytes,0 bytes,,30.8 MiB,0.0,,
CE02SHBP-LJ01D-06-CTDBPN106,2026-05-25,0 bytes,0 bytes,,30.8 MiB,0.0,,
CE02SHBP-LJ01D-06-CTDBPN106,2026-06-01,0 bytes,0 bytes,,30.8 MiB,0.0,,
CE02SHBP-LJ01D-06-CTDBPN106,2026-06-08,0 bytes,0 bytes,,30.8 MiB,0.0,,
CE02SHBP-LJ01D-06-CTDBPN106,2026-06-15,0 bytes,0 bytes,,30.8 MiB,0.0,,
CE02SHBP-LJ01D-06-CTDBPN106,2026-06-22,0 bytes,0 bytes,,30.8 MiB,0.0,,
CE02SHBP-LJ01D-06-CTDBPN106,2026-06-29,0 bytes,0 bytes,,30.8 MiB,0.0,,
CE02SHBP-LJ01D-06-CTDBPN106,2026-07-06,0 bytes,0 bytes,,30.8 MiB,0.0,,
CE02SHBP-LJ01D-06-CTDBPN106,2026-07-13,0 bytes,0 bytes,,30.8 MiB,0.0,,
CE02SHBP-LJ01D-06-CTDBPN106,2026-07-20,0 bytes,0 bytes,,30.8 MiB,0.0,,
CE02SHBP-LJ01D-06-CTDBPN106,2026-07-27,0 bytes,0 bytes,,30.8 MiB,0.0,,
CE02SHBP-LJ01D-06-CTDBPN106,2026-08-03,0 bytes,0 bytes,,30.8 MiB,0.0,,
CE04OSBP-LJ01C-06-CTDBPO108,2026-05-11,30.8 MiB,30.8 MiB,100.0,30.8 MiB,100.0,100.0,
CE04OSBP-LJ01C-06-CTDBPO108,2026-05-18,30.8 MiB,30.8 MiB,100.0,30.8 MiB,100.0,100.0,
CE04OSBP-LJ01C-06-CTDBPO108,2026-05-25,30.8 MiB,30.8 MiB,100.0,30.8 MiB,100.0,100.0,
CE04OSBP-LJ01C-06-CTDBPO108,2026-06-01,30.8 MiB,30.8 MiB,100.0,30.8 MiB,100.0,100.0,
CE04OSBP-LJ01C-06-CTDBPO108,2026-06-08,30.8 MiB,30.8 MiB,100.0,30.8 MiB,100.0,100.0,
CE04OSBP-LJ01C-06-CTDBPO108,2026-06-15,30.8 MiB,30.8 MiB,100.0,30.8 MiB,100.0,100.0,
CE04OSBP-LJ01C-06-CTDBPO108,2026-06-22,30.8 MiB,30.8 MiB,100.0,30.8 MiB,100.0,100.0,
CE04OSBP-LJ01C-06-CTDBPO108,2026-06-29,30.8 MiB,30.8 MiB,100.0,30.8 MiB,100.0,100.0,
CE04OSBP-LJ01C-06-CTDBPO108,2026-07-06,30.8 MiB,30.8 MiB,100.0,30.8 MiB,100.0,100.0,
CE04OSBP-LJ01C-06-CTDBPO108,2026-07-13,30.8 MiB,30.8 MiB,100.0,30.8 MiB,100.0,100.0,
CE04OSBP-LJ01C-06-CTDBPO108,2026-07-20,30.8 MiB,30.8 MiB,100.0,30.8 MiB,100.0,100.0,
CE04OSBP-LJ01C-06-CTDBPO108,2026-07-27,30.8 MiB,30.8 MiB,100.0,30.8 MiB,100.0,100.0,
CE04OSBP-LJ01C-06-CTDBPO108,2026-08-03,30.8 MiB,30.8 MiB,100.0,30.8 MiB,100.0,100.0,
RS01SBPS-SF01A-2A-CTDPFA102,2026-05-11,25.2 MiB,25.2 MiB,100.0,25.2 MiB,100.0,100.0,
RS01SBPS-SF01A-2A-CTDPFA102,2026-05-18,25.2 MiB,25.2 MiB,100.0,25.2 MiB,100.0,100.0,
RS01SBPS-SF01A-2A-CTDPFA102,2026-05-25,25.2 MiB,25.2 MiB,100.0,25.2 MiB,100.0,100.0,
RS01SBPS-SF01A-2A-CTDPFA102,2026-06-01,25.2 MiB,25.2 MiB,100.0,25.2 MiB,100.0,100.0,
RS01SBPS-SF01A-2A-CTDPFA102,2026-06-08,25.2 MiB,25.2 MiB,100.0,25.2 MiB,100.0,100.0,
RS01SBPS-SF01A-2A-CTDPFA102,2026-06-15,25.2 MiB,25.2 MiB,100.0,25.2 MiB,100.0,100.0,
RS01SBPS-SF01A-2A-CTDPFA102,2026-06-22,25.2 MiB,25.2 MiB,100.0,25.2 MiB,100.0,100.0,
RS01SBPS-SF01A-2A-CTDPFA102,2026-06-29,25.2 MiB,25.2 MiB,100.0,25.2 MiB,100.0,100.0,
RS01SBPS-SF01A-2A-CTDPFA102,2026-07-06,25.2 MiB,25.2 MiB,100.0,25.2 MiB,100.0,100.0,
RS01SBPS-SF01A-2A-CTDPFA102,2026-07-13,25.2 MiB,25.2 MiB,100.0,25.2 MiB,100.0,100.0,
RS01SBPS-SF01A-2A-CTDPFA102,2026-07-20,21.42 MiB,25.2 MiB,85.0,25.2 MiB,85.0,100.0,
RS01SBPS-SF01A-2A-CTDPFA102,2026-07-27,22.7 MiB,25.2 MiB,90.1,25.2 MiB,90.1,100.0,
RS01SBPS-SF01A-2A-CTDPFA102,2026-08-03,25.2 MiB,25.2 MiB,100.0,25.2 MiB,100.0,100.0,
RS01SBPS-PC01A-4A-CTDPFA103,2026-05-11,30.8 MiB,30.8 MiB,100.0,30.8 MiB,100.0,100.0,
RS01SBPS-PC01A-4A-CTDPFA103,2026-05-18,30.8 MiB,30.8 MiB,100.0,30.8 MiB,100.0,100.0,
RS01SBPS-PC01A-4A-CTDPFA103,2026-05-25,30.8 MiB,30.8 MiB,100.0,30.8 MiB,100.0,100.0,
RS01SBPS-PC01A-4A-CTDPFA103,2026-06-01,30.8 MiB,30.8 MiB,100.0,30.8 MiB,100.0,100.0,
RS01SBPS-PC01A-4A-CTDPFA103,2026-06-08,30.8 MiB,30.8 MiB,100.0,30.8 MiB,100.0,100.0,
RS01SBPS-PC01A-4A-CTDPFA103,2026-06-15,30.8 MiB,30.8 MiB,100.0,30.8 MiB,100.0,100.0,
RS01SBPS-PC01A-4A-CTDPFA103,2026-06-22,30.8 MiB,30.8 MiB,100.0,30.8 MiB,100.0,100.0,
RS01SBPS-PC01A-4A-CTDPFA103,2026-06-29,30.8 MiB,30.8 MiB,100.0,30.8 MiB,100.0,100.0,
RS01SBPS-PC01A-4A-CTDPFA103,2026-07-06,30.8 MiB,30.8 MiB,100.0,30.8 MiB,100.0,100.0,
RS01SBPS-PC01A-4A-CTDPFA103,2026-07-13,30.8 MiB,30.8 MiB,100.0,30.8 MiB,100.0,100.0,
RS01SBPS-PC01A-4A-CTDPFA103,2026-07-20,30.8 MiB,30.8 MiB,100.0,30.8 MiB,100.0,100.0,
RS01SBPS-PC01A-4A-CTDPFA103,2026-07-27,30.8 MiB,30.8 MiB,100.0,30.8 MiB,100.0,100.0,
RS01SBPS-PC01A-4A-CTDPFA103,2026-08-03,30.8 MiB,30.8 MiB,100.0,30.8 MiB,100.0,100.0,
CE04OSPS-SF01B-2A-CTDPFA107,2026-05-11,25.2 MiB,25.2 MiB,100.0,25.2 MiB,100.0,100.0,
CE04OSPS-SF01B-2A-CTDPFA107,2026-05-18,25.2 MiB,25.2 MiB,100.0,25.2 MiB,100.0,100.0,
CE04OSPS-SF01B-2A-CTDPFA107,2026-05-25,25.2 MiB,25.2 MiB,100.0,25.2 MiB,100.0,100.0,
CE04OSPS-SF01B-2A-CTDPFA107,2026-06-01,25.2 MiB,25.2 MiB,100.0,25.2 MiB,100.0,100.0,
CE04OSPS-SF01B-2A-CTDPFA107,2026-06-08,25.2 MiB,25.2 MiB,100.0,25.2 MiB,100.0,100.0,
CE04OSPS-SF01B-2A-CTDPFA107,2026-06-15,25.2 MiB,25.2 MiB,100.0,25.2 MiB,100.0,100.0,
CE04OSPS-SF01B-2A-CTDPFA107,2026-06-22,25.2 MiB,25.2 MiB,100.0,25.2 MiB,100.0,100.0,
CE04OSPS-SF01B-2A-CTDPFA107,2026-06-29,25.2 MiB,25.2 MiB,100.0,25.2 MiB,100.0,100.0,
CE04OSPS-SF01B-2A-CTDPFA107,2026-07-06,25.2 MiB,25.2 MiB,100.0,25.2 MiB,100.0,100.0,
CE04OSPS-SF01B-2A-CTDPFA107,2026-07-13,25.2 MiB,25.2 MiB,100.0,25.2 MiB,100.0,98.5,
CE04OSPS-SF01B-2A-CTDPFA107,2026-07-20,25.2 MiB,25.2 MiB,100.0,25.2 MiB,100.0,100.0,
CE04OSPS-SF01B-2A-CTDPFA107,2026-07-27,25.2 MiB,25.2 MiB,100.0,25.2 MiB,100.0,100.0,
CE04OSPS-SF01B-2A-CTDPFA107,2026-08-03,25.2 MiB,25.2 MiB,100.0,25.2 MiB,100.0,100.0,
CE04OSPS-PC01B-4A-CTDPFA109,2026-05-11,30.8 MiB,30.8 MiB,100.0,30.8 MiB,100.0,100.0,
CE04OSPS-PC01B-4A-CTDPFA109,2026-05-18,30.8 MiB,30.8 MiB,100.0,30.8 MiB,100.0,100.0,
CE04OSPS-PC01B-4A-CTDPFA109,2026-05-25,30.8 MiB,30.8 MiB,100.0,30.8 MiB,100.0,100.0,
CE04OSPS-PC01B-4A-CTDPFA109,2026-06-01,30.8 MiB,30.8 MiB,100.0,30.8 MiB,100.0,100.0,
CE04OSPS-PC01B-4A-CTDPFA109,2026-06-08,30.8 MiB,30.8 MiB,100.0,30.8 MiB,100.0,100.0,
CE04OSPS-PC01B-4A-CTDPFA109,2026-06-15,30.8 MiB,30.8 MiB,100.0,30.8 MiB,100.0,100.0,
CE04OSPS-PC01B-4A-CTDPFA109,2026-06-22,30.8 MiB,30.8 MiB,100.0,30.8 MiB,100.0,100.0,
CE04OSPS-PC01B-4A-CTDPFA109,2026-06-29,30.8 MiB,30.8 MiB,100.0,30.8 MiB,100.0,100.0,
CE04OSPS-PC01B-4A-CTDPFA109,2026-07-06,30.8 MiB,30.8 MiB,100.0,30.8 MiB,100.0,100.0,
CE04OSPS-PC01B-4A-CTDPFA109,2026-07-13,30.8 MiB,30.8 MiB,100.0,30.8 MiB,100.0,100.0,
CE04OSPS-PC01B-4A-CTDPFA109,2026-07-20,30.8 MiB,30.8 MiB,100.0,30.8 MiB,100.0,100.0,
CE04OSPS-PC01B-4A-CTDPFA109,2026-07-27,30.8 MiB,30.8 MiB,100.0,30.8 MiB,100.0,100.0,
CE04OSPS-PC01B-4A-CTDPFA109,2026-08-03,30.8 MiB,30.8 MiB,100.0,30.8 MiB,100.0,100.0,
RS03AXPS-SF03A-2A-CTDPFA302,2026-05-11,25.2 MiB,25.2 MiB,100.0,25.2 MiB,100.0,100.0,
RS03AXPS-SF03A-2A-CTDPFA302,2026-05-18,25.2 MiB,25.2 MiB,100.0,25.2 MiB,100.0,100.0,
RS03AXPS-SF03A-2A-CTDPFA302,2026-05-25,25.2 MiB,25.2 MiB,100.0,25.2 MiB,100.0,100.0,
RS03AXPS-SF03A-2A-CTDPFA302,2026-06-01,25.2 MiB,25.2 MiB,100.0,25.2 MiB,100.0,100.0,
RS03AXPS-SF03A-2A-CTDPFA302,2026-06-08,25.2 MiB,25.2 MiB,100.0,25.2 MiB,100.0,100.0,
RS03AXPS-SF03A-2A-CTDPFA302,2026-06-15,25.2 MiB,25.2 MiB,100.0,25.2 MiB,100.0,100.0,
RS03AXPS-SF03A-2A-CTDPFA302,2026-06-22,25.2 MiB,25.2 MiB,100.0,25.2 MiB,100.0,100.0,
RS03AXPS-SF03A-2A-CTDPFA302,2026-06-29,25.2 MiB,25.2 MiB,100.0,25.2 MiB,100.0,100.0,
RS03AXPS-SF03A-2A-CTDPFA302,2026-07-06,25.2 MiB,25.2 MiB,100.0,25.2 MiB,100.0,100.0,
RS03AXPS-SF03A-2A-CTDPFA302,2026-07-13,25.2 MiB,25.2 MiB,100.0,25.2 MiB,100.0,100.0,
RS03AXPS-SF03A-2A-CTDPFA302,2026-07-20,25.2 MiB,25.2 MiB,100.0,25.2 MiB,100.0,100.0,
RS03AXPS-SF03A-2A-CTDPFA302,2026-07-27,25.2 MiB,25.2 MiB,100.0,25.2 MiB,100.0,100.0,
RS03AXPS-SF03A-2A-CTDPFA302,2026-08-03,25.2 MiB,25.2 MiB,100.0,25.2 MiB,100.0,100.0,
RS03AXPS-PC03A-4A-CTDPFA303,2026-05-11,30.8 MiB,30.8 MiB,100.0,30.8 MiB,100.0,100.0,
RS03AXPS-PC03A-4A-CTDPFA303,2026-05-18,30.8 MiB,30.8 MiB,100.0,30.8 MiB,100.0,100.0,
RS03AXPS-PC03A-4A-CTDPFA303,2026-05-25,30.8 MiB,30.8 MiB,100.0,30.8 MiB,100.0,100.0,
RS03AXPS-PC03A-4A-CTDPFA303,2026-06-01,30.8 MiB,30.8 MiB,100.0,30.8 MiB,100.0,100.0,
RS03AXPS-PC03A-4A-CTDPFA303,2026-06-08,30.8 MiB,30.8 MiB,100.0,30.8 MiB,100.0,100.0,
RS03AXPS-PC03A-4A-CTDPFA303,2026-06-15,30.8 MiB,30.8 MiB,100.0,30.8 MiB,100.0,100.0,
RS03AXPS-PC03A-4A-CTDPFA303,2026-06-22,30.8 MiB,30.8 MiB,100.0,30.8 MiB,100.0,100.0,
RS03AXPS-PC03A-4A-CTDPFA303,2026-06-29,30.8 MiB,30.8 MiB,100.0,30.8 MiB,100.0,100.0,
RS03AXPS-PC03A-4A-CTDPFA303,2026-07-06,30.8 MiB,30.8 MiB,100.0,30.8 MiB,100.0,100.0,
RS03AXPS-PC03A-4A-CTDPFA303,2026-07-13,30.8 MiB,30.8 MiB,100.0,30.8 MiB,100.0,100.0,
RS03AXPS-PC03A-4A-CTDPFA303,2026-07-20,30.8 MiB,30.8 MiB,100.0,30.8 MiB,100.0,100.0,
RS03AXPS-PC03A-4A-CTDPFA303,2026-07-27,30.8 MiB,30.8 MiB,100.0,30.8 MiB,100.0,100.0,
RS03AXPS-PC03A-4A-CTDPFA303,2026-08-03,30.8 MiB,30.8 MiB,100.0,30.8 MiB,100.0,100.0,
RS01SLBS-LJ01A-12-CTDPFB101,2026-05-11,30.8 MiB,30.8 MiB,100.0,30.8 MiB,100.0,100.0,
RS01SLBS-LJ01A-12-CTDPFB101,2026-05-18,30.8 MiB,30.8 MiB,100.0,30.8 MiB,100.0,100.0,
RS01SLBS-LJ01A-12-CTDPFB101,2026-05-25,30.8 MiB,30.8 MiB,100.0,30.8 MiB,100.0,100.0,
RS01SLBS-LJ01A-12-CTDPFB101,2026-06-01,30.8 MiB,30.8 MiB,100.0,30.8 MiB,100.0,100.0,
RS01SLBS-LJ01A-12-CTDPFB101,2026-06-08,30.8 MiB,30.8 MiB,100.0,30.8 MiB,100.0,100.0,
RS01SLBS-LJ01A-12-CTDPFB101,2026-06-15,30.8 MiB,30.8 MiB,100.0,30.8 MiB,100.0,100.0,
RS01SLBS-LJ01A-12-CTDPFB101,2026-06-22,30.8 MiB,30.8 MiB,100.0,30.8 MiB,100.0,100.0,
RS01SLBS-LJ01A-12-CTDPFB101,2026-06-29,30.8 MiB,30.8 MiB,100.0,30.8 MiB,100.0,100.0,
RS01SLBS-LJ01A-12-CTDPFB101,2026-07-06,30.8 MiB,30.8 MiB,100.0,30.8 MiB,100.0,100.0,
RS01SLBS-LJ01A-12-CTDPFB101,2026-07-13,30.8 MiB,30.8 MiB,100.0,30.8 MiB,100.0,100.0,
RS01SLBS-LJ01A-12-CTDPFB101,2026-07-20,30.8 MiB,30.8 MiB,100.0,30.8 MiB,100.0,100.0,
RS01SLBS-LJ01A-12-CTDPFB101,2026-07-27,30.8 MiB,30.8 MiB,100.0,30.8 MiB,100.0,100.0,
RS01SLBS-LJ01A-12-CTDPFB101,2026-08-03,30.8 MiB,30.8 MiB,100.0,30.8 MiB,100.0,100.0,
RS03AXBS-LJ03A-12-CTDPFB301,2026-05-11,30.8 MiB,30.8 MiB,100.0,30.8 MiB,100.0,100.0,
RS03AXBS-LJ03A-12-CTDPFB301,2026-05-18,30.8 MiB,30.8 MiB,100.0,30.8 MiB,100.0,100.0,
RS03AXBS-LJ03A-12-CTDPFB301,2026-05-25,30.8 MiB,30.8 MiB,100.0,30.8 MiB,100.0,100.0,
RS03AXBS-LJ03A-12-CTDPFB301,2026-06-01,30.8 MiB,30.8 MiB,100.0,30.8 MiB,100.0,100.0,
RS03AXBS-LJ03A-12-CTDPFB301,2026-06-08,30.8 MiB,30.8 MiB,100.0,30.8 MiB,100.0,100.0,
RS03AXBS-LJ03A-12-CTDPFB301,2026-06-15,30.8 MiB,30.8 MiB,100.0,30.8 MiB,100.0,100.0,
RS03AXBS-LJ03A-12-CTDPFB301,2026-06-22,30.8 MiB,30.8 MiB,100.0,30.8 MiB,100.0,100.0,
RS03AXBS-LJ03A-12-CTDPFB301,2026-06-29,30.8 MiB,30.8 MiB,100.0,30.8 MiB,100.0,100.0,
RS03AXBS-LJ03A-12-CTDPFB301,2026-07-06,30.8 MiB,30.8 MiB,100.0,30.8 MiB,100.0,100.0,
RS03AXBS-LJ03A-12-CTDPFB301,2026-07-13,30.8 MiB,30.8 MiB,100.0,30.8 MiB,100.0,100.0,
RS03AXBS-LJ03A-12-CTDPFB301,2026-07-20,30.8 MiB,30.8 MiB,100.0,30.8 MiB,100.0,100.0,
RS03AXBS-LJ03A-12-CTDPFB301,2026-07-27,30.8 MiB,30.8 MiB,100.0,30.8 MiB,100.0,100.0,
RS03AXBS-LJ03A-12-CTDPFB301,2026-08-03,30.8 MiB,30.8 MiB,100.0,30.8 MiB,100.0,100.0,
RS03ASHS-MJ03B-10-CTDPFB304,2026-05-11,22.4 MiB,23.1 MiB,97.0,23.1 MiB,97.0,100.0,
RS03ASHS-MJ03B-10-CTDPFB304,2026-05-18,22.4 MiB,23.1 MiB,97.0,23.1 MiB,97.0,100.0,
RS03ASHS-MJ03B-10-CTDPFB304,2026-05-25,22.4 MiB,23.1 MiB,97.0,23.1 MiB,97.0,100.0,
RS03ASHS-MJ03B-10-CTDPFB304,2026-06-01,22.4 MiB,23.1 MiB,97.0,23.1 MiB,97.0,100.0,
RS03ASHS-MJ03B-10-CTDPFB304,2026-06-08,22.4 MiB,23.1 MiB,97.0,23.1 MiB,97.0,100.0,
RS03ASHS-MJ03B-10-CTDPFB304,2026-06-15,22.4 MiB,23.1 MiB,97.0,23.1 MiB,97.0,100.0,
RS03ASHS-MJ03B-10-CTDPFB304,2026-06-22,22.4 MiB,23.1 MiB,97.0,23.1 MiB,97.0,100.0,
RS03ASHS-MJ03B-10-CTDPFB304,2026-06-29,22.4 MiB,23.1 MiB,97.0,23.1 MiB,97.0,100.0,
RS03ASHS-MJ03B-10-CTDPFB304,2026-07-06,22.4 MiB,23.1 MiB,97.0,23.1 MiB,97.0,100.0,
RS03ASHS-MJ03B-10-CTDPFB304,2026-07-13,22.4 MiB,23.1 MiB,97.0,23.1 MiB,97.0,100.0,
RS03ASHS-MJ03B-10-CTDPFB304,2026-07-20,22.4 MiB,23.1 MiB,97.0,23.1 MiB,97.0,100.0,
RS03ASHS-MJ03B-10-CTDPFB304,2026-07-27,22.4 MiB,23.1 MiB,97.0,23.1 MiB,97.0,100.0,
RS03ASHS-MJ03B-10-CTDPFB304,2026-08-03,22.4 MiB,23.1 MiB,97.0,23.1 MiB,97.0,100.0,
RS03CCAL-MJ03F-12-CTDPFB305,2026-05-11,22.8 MiB,23.1 MiB,98.7,23.1 MiB,98.7,100.0,
RS03CCAL-MJ03F-12-CTDPFB305,2026-05-18,22.7 MiB,23.1 MiB,98.3,23.1 MiB,98.3,100.0,
RS03CCAL-MJ03F-12-CTDPFB305,2026-05-25,22.4 MiB,23.1 MiB,97.0,23.1 MiB,97.0,100.0,
RS03CCAL-MJ03F-12-CTDPFB305,2026-06-01,22.4 MiB,23.1 MiB,97.0,23.1 MiB,97.0,100.0,
RS03CCAL-MJ03F-12-CTDPFB305,2026-06-08,22.4 MiB,23.1 MiB,97.0,23.1 MiB,97.0,100.0,
RS03CCAL-MJ03F-12-CTDPFB305,2026-06-15,22.4 MiB,23.1 MiB,97.0,23.1 MiB,97.0,100.0,
RS03CCAL-MJ03F-12-CTDPFB305,2026-06-22,22.4 MiB,23.1 MiB,97.0,23.1 MiB,97.0,100.0,
RS03CCAL-MJ03F-12-CTDPFB305,2026-06-29,22.4 MiB,23.1 MiB,97.0,23.1 MiB,97.0,100.0,
RS03CCAL-MJ03F-12-CTDPFB305,2026-07-06,22.4 MiB,23.1 MiB,97.0,23.1 MiB,97.0,100.0,
RS03CCAL-MJ03F-12-CTDPFB305,2026-07-13,22.5 MiB,23.1 MiB,97.4,23.1 MiB,97.4,100.0,
RS03CCAL-MJ03F-12-CTDPFB305,2026-07-20,22.6 MiB,23.1 MiB,97.8,23.1 MiB,97.8,100.0,
RS03CCAL-MJ03F-12-CTDPFB305,2026-07-27,22.8 MiB,23.1 MiB,98.7,23.1 MiB,98.7,100.0,
RS03CCAL-MJ03F-12-CTDPFB305,2026-08-03,22.8 MiB,23.1 MiB,98.7,23.1 MiB,98.7,100.0,
RS03ECAL-MJ03E-12-CTDPFB306,2026-05-11,23.1 MiB,23.1 MiB,100.0,23.1 MiB,100.0,100.0,
RS03ECAL-MJ03E-12-CTDPFB306,2026-05-18,23.1 MiB,23.1 MiB,100.0,23.1 MiB,100.0,100.0,
RS03ECAL-MJ03E-12-CTDPFB306,2026-05-25,23.1 MiB,23.1 MiB,100.0,23.1 MiB,100.0,100.0,
RS03ECAL-MJ03E-12-CTDPFB306,2026-06-01,23.1 MiB,23.1 MiB,100.0,23.1 MiB,100.0,100.0,
RS03ECAL-MJ03E-12-CTDPFB306,2026-06-08,23.1 MiB,23.1 MiB,100.0,23.1 MiB,100.0,100.0,
RS03ECAL-MJ03E-12-CTDPFB306,2026-06-15,23.1 MiB,23.1 MiB,100.0,23.1 MiB,100.0,100.0,
RS03ECAL-MJ03E-12-CTDPFB306,2026-06-22,23.1 MiB,23.1 MiB,100.0,23.1 MiB,100.0,100.0,
RS03ECAL-MJ03E-12-CTDPFB306,2026-06-29,23.1 MiB,23.1 MiB,100.0,23.1 MiB,100.0,100.0,
RS03ECAL-MJ03E-12-CTDPFB306,2026-07-06,23.1 MiB,23.1 MiB,100.0,23.1 MiB,100.0,100.0,
RS03ECAL-MJ03E-12-CTDPFB306,2026-07-13,23.1 MiB,23.1 MiB,100.0,23.1 MiB,100.0,100.0,
RS03ECAL-MJ03E-12-CTDPFB306,2026-07-20,23.1 MiB,23.1 MiB,100.0,23.1 MiB,100.0,100.0,
RS03ECAL-MJ03E-12-CTDPFB306,2026-07-27,23.1 MiB,23.1 MiB,100.0,23.1 MiB,100.0,100.0,
RS03ECAL-MJ03E-12-CTDPFB306,2026-08-03,23.1 MiB,23.1 MiB,100.0,23.1 MiB,100.0,100.0,
RS03INT2-MJ03D-11-CTDPFB307,2026-05-11,22.4 MiB,23.1 MiB,97.0,23.1 MiB,97.0,100.0,
RS03INT2-MJ03D-11-CTDPFB307,2026-05-18,22.4 MiB,23.1 MiB,97.0,23.1 MiB,97.0,100.0,
RS03INT2-MJ03D-11-CTDPFB307,2026-05-25,22.4 MiB,23.1 MiB,97.0,23.1 MiB,97.0,100.0,
RS03INT2-MJ03D-11-CTDPFB307,2026-06-01,22.4 MiB,23.1 MiB,97.0,23.1 MiB,97.0,100.0,
RS03INT2-MJ03D-11-CTDPFB307,2026-06-08,22.4 MiB,23.1 MiB,97.0,23.1 MiB,97.0,100.0,
RS03INT2-MJ03D-11-CTDPFB307,2026-06-15,22.4 MiB,23.1 MiB,97.0,23.1 MiB,97.0,100.0,
RS03INT2-MJ03D-11-CTDPFB307,2026-06-22,22.4 MiB,23.1 MiB,97.0,23.1 MiB,97.0,100.0,
RS03INT2-MJ03D-11-CTDPFB307,2026-06-29,22.4 MiB,23.1 MiB,97.0,23.1 MiB,97.0,100.0,
RS03INT2-MJ03D-11-CTDPFB307,2026-07-06,22.4 MiB,23.1 MiB,97.0,23.1 MiB,97.0,100.0,
RS03INT2-MJ03D-11-CTDPFB307,2026-07-13,22.4 MiB,23.1 MiB,97.0,23.1 MiB,97.0,100.0,
RS03INT2-MJ03D-11-CTDPFB307,2026-07-20,22.4 MiB,23.1 MiB,97.0,23.1 MiB,97.0,100.0,
RS03INT2-MJ03D-11-CTDPFB307,2026-07-27,22.4 MiB,23.1 MiB,97.0,23.1 MiB,97.0,100.0,
RS03INT2-MJ03D-11-CTDPFB307,2026-08-03,22.4 MiB,23.1 MiB,97.0,23.1 MiB,97.0,100.0,
RS03INT1-MJ03C-07-D1000A301,2026-05-11,20.35 MiB,20.33 MiB,100.1,20.33 MiB,100.1,100.0,
RS03INT1-MJ03C-07-D1000A301,2026-05-18,20.3 MiB,20.33 MiB,99.9,20.33 MiB,99.9,100.0,
RS03INT1-MJ03C-07-D1000A301,2026-05-25,20.3 MiB,20.33 MiB,99.9,20.33 MiB,99.9,100.0,
RS03INT1-MJ03C-07-D1000A301,2026-06-01,20.3 MiB,20.33 MiB,99.9,20.33 MiB,99.9,100.0,
RS03INT1-MJ03C-07-D1000A301,2026-06-08,20.3 MiB,20.33 MiB,99.9,20.33 MiB,99.9,100.0,
RS03INT1-MJ03C-07-D1000A301,2026-06-15,20.3 MiB,20.33 MiB,99.9,20.33 MiB,99.9,100.0,
RS03INT1-MJ03C-07-D1000A301,2026-06-22,20.3 MiB,20.33 MiB,99.9,20.33 MiB,99.9,100.0,
RS03INT1-MJ03C-07-D1000A301,2026-06-29,20.3 MiB,20.33 MiB,99.9,20.33 MiB,99.9,100.0,
RS03INT1-MJ03C-07-D1000A301,2026-07-06,20.3 MiB,20.33 MiB,99.9,20.33 MiB,99.9,100.0,
RS03INT1-MJ03C-07-D1000A301,2026-07-13,20.3 MiB,20.33 MiB,99.9,20.33 MiB,99.9,100.0,
RS03INT1-MJ03C-07-D1000A301,2026-07-20,20.3 MiB,20.33 MiB,99.9,20.33 MiB,99.9,100.0,
RS03INT1-MJ03C-07-D1000A301,2026-07-27,20.3 MiB,20.33 MiB,99.9,20.33 MiB,99.9,100.0,
RS03INT1-MJ03C-07-D1000A301,2026-08-03,20.3 MiB,20.33 MiB,99.9,20.33 MiB,99.9,100.0,
RS01SBPS-PC01A-4C-FLORDD103,2026-05-11,36.1 MiB,36.4 MiB,99.2,36.4 MiB,99.2,99.7,
RS01SBPS-PC01A-4C-FLORDD103,2026-05-18,36.4 MiB,36.4 MiB,100.0,36.4 MiB,100.0,99.8,
RS01SBPS-PC01A-4C-FLORDD103,2026-05-25,36.4 MiB,36.4 MiB,100.0,36.4 MiB,100.0,99.6,
RS01SBPS-PC01A-4C-FLORDD103,2026-06-01,36.1 MiB,36.4 MiB,99.2,36.4 MiB,99.2,99.2,
RS01SBPS-PC01A-4C-FLORDD103,2026-06-08,36.4 MiB,36.4 MiB,100.0,36.4 MiB,100.0,99.8,
RS01SBPS-PC01A-4C-FLORDD103,2026-06-15,36.1 MiB,36.4 MiB,99.2,36.4 MiB,99.2,97.6,
RS01SBPS-PC01A-4C-FLORDD103,2026-06-22,36.4 MiB,36.4 MiB,100.0,36.4 MiB,100.0,100.0,
RS01SBPS-PC01A-4C-FLORDD103,2026-06-29,36.3 MiB,36.4 MiB,99.7,36.4 MiB,99.7,100.0,
RS01SBPS-PC01A-4C-FLORDD103,2026-07-06,36.3 MiB,36.4 MiB,99.7,36.4 MiB,99.7,100.0,
RS01SBPS-PC01A-4C-FLORDD103,2026-07-13,36.4 MiB,36.4 MiB,100.0,36.4 MiB,100.0,100.0,
RS01SBPS-PC01A-4C-FLORDD103,2026-07-20,36.1 MiB,36.4 MiB,99.2,36.4 MiB,99.2,100.0,
RS01SBPS-PC01A-4C-FLORDD103,2026-07-27,36.4 MiB,36.4 MiB,100.0,36.4 MiB,100.0,100.0,
RS01SBPS-PC01A-4C-FLORDD103,2026-08-03,36.3 MiB,36.4 MiB,99.7,36.4 MiB,99.7,100.0,
RS03AXPS-PC03A-4C-FLORDD303,2026-05-11,36.4 MiB,36.4 MiB,100.0,36.4 MiB,100.0,99.9,
RS03AXPS-PC03A-4C-FLORDD303,2026-05-18,36.4 MiB,36.4 MiB,100.0,36.4 MiB,100.0,100.0,
RS03AXPS-PC03A-4C-FLORDD303,2026-05-25,36.4 MiB,36.4 MiB,100.0,36.4 MiB,100.0,99.9,
RS03AXPS-PC03A-4C-FLORDD303,2026-06-01,36.4 MiB,36.4 MiB,100.0,36.4 MiB,100.0,99.9,
RS03AXPS-PC03A-4C-FLORDD303,2026-06-08,36.4 MiB,36.4 MiB,100.0,36.4 MiB,100.0,99.8,
RS03AXPS-PC03A-4C-FLORDD303,2026-06-15,36.4 MiB,36.4 MiB,100.0,36.4 MiB,100.0,99.9,
RS03AXPS-PC03A-4C-FLORDD303,2026-06-22,36.4 MiB,36.4 MiB,100.0,36.4 MiB,100.0,99.8,
RS03AXPS-PC03A-4C-FLORDD303,2026-06-29,36.4 MiB,36.4 MiB,100.0,36.4 MiB,100.0,99.8,
RS03AXPS-PC03A-4C-FLORDD303,2026-07-06,36.2 MiB,36.4 MiB,99.5,36.4 MiB,99.5,99.7,
RS03AXPS-PC03A-4C-FLORDD303,2026-07-13,36.4 MiB,36.4 MiB,100.0,36.4 MiB,100.0,99.8,
RS03AXPS-PC03A-4C-FLORDD303,2026-07-20,36.4 MiB,36.4 MiB,100.0,36.4 MiB,100.0,99.9,
RS03AXPS-PC03A-4C-FLORDD303,2026-07-27,36.4 MiB,36.4 MiB,100.0,36.4 MiB,100.0,99.9,
RS03AXPS-PC03A-4C-FLORDD303,2026-08-03,36.1 MiB,36.4 MiB,99.2,36.4 MiB,99.2,99.8,
RS01SBPS-SF01A-3A-FLORTD101,2026-05-11,36 MiB,36.4 MiB,98.9,36.4 MiB,98.9,100.0,
RS01SBPS-SF01A-3A-FLORTD101,2026-05-18,36 MiB,36.4 MiB,98.9,36.4 MiB,98.9,100.0,
RS01SBPS-SF01A-3A-FLORTD101,2026-05-25,35.8 MiB,36.4 MiB,98.4,36.4 MiB,98.4,100.0,
RS01SBPS-SF01A-3A-FLORTD101,2026-06-01,35.7 MiB,36.4 MiB,98.1,36.4 MiB,98.1,100.0,
RS01SBPS-SF01A-3A-FLORTD101,2026-06-08,35.7 MiB,36.4 MiB,98.1,36.4 MiB,98.1,100.0,
RS01SBPS-SF01A-3A-FLORTD101,2026-06-15,35.7 MiB,36.4 MiB,98.1,36.4 MiB,98.1,100.0,
RS01SBPS-SF01A-3A-FLORTD101,2026-06-22,36.1 MiB,36.4 MiB,99.2,36.4 MiB,99.2,100.0,
RS01SBPS-SF01A-3A-FLORTD101,2026-06-29,35.7 MiB,36.4 MiB,98.1,36.4 MiB,98.1,100.0,
RS01SBPS-SF01A-3A-FLORTD101,2026-07-06,35.8 MiB,36.4 MiB,98.4,36.4 MiB,98.4,100.0,
RS01SBPS-SF01A-3A-FLORTD101,2026-07-13,36.4 MiB,36.4 MiB,100.0,36.4 MiB,100.0,100.0,
RS01SBPS-SF01A-3A-FLORTD101,2026-07-20,30.63 MiB,36.4 MiB,84.1,36.4 MiB,84.1,100.0,
RS01SBPS-SF01A-3A-FLORTD101,2026-07-27,32.8 MiB,36.4 MiB,90.1,36.4 MiB,90.1,100.0,
RS01SBPS-SF01A-3A-FLORTD101,2026-08-03,36.3 MiB,36.4 MiB,99.7,36.4 MiB,99.7,100.0,
CE04OSPS-SF01B-3A-FLORTD104,2026-05-11,36.4 MiB,36.4 MiB,100.0,36.4 MiB,100.0,73.4,
CE04OSPS-SF01B-3A-FLORTD104,2026-05-18,36.4 MiB,36.4 MiB,100.0,36.4 MiB,100.0,68.9,
CE04OSPS-SF01B-3A-FLORTD104,2026-05-25,36 MiB,36.4 MiB,98.9,36.4 MiB,98.9,65.0,
CE04OSPS-SF01B-3A-FLORTD104,2026-06-01,36.3 MiB,36.4 MiB,99.7,36.4 MiB,99.7,67.4,
CE04OSPS-SF01B-3A-FLORTD104,2026-06-08,36.4 MiB,36.4 MiB,100.0,36.4 MiB,100.0,69.9,
CE04OSPS-SF01B-3A-FLORTD104,2026-06-15,36.4 MiB,36.4 MiB,100.0,36.4 MiB,100.0,70.1,
CE04OSPS-SF01B-3A-FLORTD104,2026-06-22,36.4 MiB,36.4 MiB,100.0,36.4 MiB,100.0,67.7,
CE04OSPS-SF01B-3A-FLORTD104,2026-06-29,36.4 MiB,36.4 MiB,100.0,36.4 MiB,100.0,70.6,
CE04OSPS-SF01B-3A-FLORTD104,2026-07-06,36.4 MiB,36.4 MiB,100.0,36.4 MiB,100.0,68.0,
CE04OSPS-SF01B-3A-FLORTD104,2026-07-13,36.4 MiB,36.4 MiB,100.0,36.4 MiB,100.0,69.6,
CE04OSPS-SF01B-3A-FLORTD104,2026-07-20,36.4 MiB,36.4 MiB,100.0,36.4 MiB,100.0,72.2,
CE04OSPS-SF01B-3A-FLORTD104,2026-07-27,36.4 MiB,36.4 MiB,100.0,36.4 MiB,100.0,73.0,
CE04OSPS-SF01B-3A-FLORTD104,2026-08-03,36.4 MiB,36.4 MiB,100.0,36.4 MiB,100.0,72.5,
RS03AXPS-SF03A-3A-FLORTD301,2026-05-11,37.1 MiB,37.1 MiB,100.0,37.1 MiB,100.0,91.2,
RS03AXPS-SF03A-3A-FLORTD301,2026-05-18,37.1 MiB,37.1 MiB,100.0,37.1 MiB,100.0,92.2,
RS03AXPS-SF03A-3A-FLORTD301,2026-05-25,37.1 MiB,37.1 MiB,100.0,37.1 MiB,100.0,92.3,
RS03AXPS-SF03A-3A-FLORTD301,2026-06-01,36.9 MiB,37.1 MiB,99.5,37.1 MiB,99.5,89.7,
RS03AXPS-SF03A-3A-FLORTD301,2026-06-08,37.1 MiB,37.1 MiB,100.0,37.1 MiB,100.0,91.6,
RS03AXPS-SF03A-3A-FLORTD301,2026-06-15,37.1 MiB,37.1 MiB,100.0,37.1 MiB,100.0,92.8,
RS03AXPS-SF03A-3A-FLORTD301,2026-06-22,37.3 MiB,37.1 MiB,100.5,37.1 MiB,100.5,90.9,
RS03AXPS-SF03A-3A-FLORTD301,2026-06-29,37 MiB,37.1 MiB,99.7,37.1 MiB,99.7,82.9,
RS03AXPS-SF03A-3A-FLORTD301,2026-07-06,36.9 MiB,37.1 MiB,99.5,37.1 MiB,99.5,81.5,
RS03AXPS-SF03A-3A-FLORTD301,2026-07-13,37.1 MiB,37.1 MiB,100.0,37.1 MiB,100.0,81.3,
RS03AXPS-SF03A-3A-FLORTD301,2026-07-20,37.1 MiB,37.1 MiB,100.0,37.1 MiB,100.0,77.9,
RS03AXPS-SF03A-3A-FLORTD301,2026-07-27,37.1 MiB,37.1 MiB,100.0,37.1 MiB,100.0,81.5,
RS03AXPS-SF03A-3A-FLORTD301,2026-08-03,37.1 MiB,37.1 MiB,100.0,37.1 MiB,100.0,80.9,
RS01SLBS-LJ01A-05-HPIESA101,2026-05-11,42 MiB,42.4 MiB,99.1,42.4 MiB,99.1,,
RS01SLBS-LJ01A-05-HPIESA101,2026-05-18,42 MiB,42.4 MiB,99.1,42.4 MiB,99.1,,
RS01SLBS-LJ01A-05-HPIESA101,2026-05-25,42 MiB,42.4 MiB,99.1,42.4 MiB,99.1,,
RS01SLBS-LJ01A-05-HPIESA101,2026-06-01,42 MiB,42.4 MiB,99.1,42.4 MiB,99.1,,
RS01SLBS-LJ01A-05-HPIESA101,2026-06-08,42 MiB,42.4 MiB,99.1,42.4 MiB,99.1,,
RS01SLBS-LJ01A-05-HPIESA101,2026-06-15,42 MiB,42.4 MiB,99.1,42.4 MiB,99.1,,
RS01SLBS-LJ01A-05-HPIESA101,2026-06-22,42 MiB,42.4 MiB,99.1,42.4 MiB,99.1,,
RS01SLBS-LJ01A-05-HPIESA101,2026-06-29,42 MiB,42.4 MiB,99.1,42.4 MiB,99.1,,
RS01SLBS-LJ01A-05-HPIESA101,2026-07-06,42 MiB,42.4 MiB,99.1,42.4 MiB,99.1,,
RS01SLBS-LJ01A-05-HPIESA101,2026-07-13,42 MiB,42.4 MiB,99.1,42.4 MiB,99.1,,
RS01SLBS-LJ01A-05-HPIESA101,2026-07-20,42 MiB,42.4 MiB,99.1,42.4 MiB,99.1,,
RS01SLBS-LJ01A-05-HPIESA101,2026-07-27,42 MiB,42.4 MiB,99.1,42.4 MiB,99.1,,
RS01SLBS-LJ01A-05-HPIESA101,2026-08-03,42 MiB,42.4 MiB,99.1,42.4 MiB,99.1,,
RS03AXBS-LJ03A-05-HPIESA301,2026-05-11,0 bytes,0 bytes,,44.6 MiB,0.0,,
RS03AXBS-LJ03A-05-HPIESA301,2026-05-18,0 bytes,0 bytes,,44.6 MiB,0.0,,
RS03AXBS-LJ03A-05-HPIESA301,2026-05-25,0 bytes,0 bytes,,44.6 MiB,0.0,,
RS03AXBS-LJ03A-05-HPIESA301,2026-06-01,0 bytes,0 bytes,,44.6 MiB,0.0,,
RS03AXBS-LJ03A-05-HPIESA301,2026-06-08,0 bytes,0 bytes,,44.6 MiB,0.0,,
RS03AXBS-LJ03A-05-HPIESA301,2026-06-15,0 bytes,0 bytes,,44.6 MiB,0.0,,
RS03AXBS-LJ03A-05-HPIESA301,2026-06-22,0 bytes,0 bytes,,44.6 MiB,0.0,,
RS03AXBS-LJ03A-05-HPIESA301,2026-06-29,0 bytes,0 bytes,,44.6 MiB,0.0,,
RS03AXBS-LJ03A-05-HPIESA301,2026-07-06,0 bytes,0 bytes,,44.6 MiB,0.0,,
RS03AXBS-LJ03A-05-HPIESA301,2026-07-13,0 bytes,0 bytes,,44.6 MiB,0.0,,
RS03AXBS-LJ03A-05-HPIESA301,2026-07-20,0 bytes,0 bytes,,44.6 MiB,0.0,,
RS03AXBS-LJ03A-05-HPIESA301,2026-07-27,0 bytes,0 bytes,,44.6 MiB,0.0,,
RS03AXBS-LJ03A-05-HPIESA301,2026-08-03,0 bytes,0 bytes,,44.6 MiB,0.0,,
RS01SLBS-LJ01A-09-HYDBBA102,2026-05-11,28.67 GiB,59.47 GiB,100.0,59.47 GiB,100.0,,
RS01SLBS-LJ01A-09-HYDBBA102,2026-05-18,49.4 GiB,59.47 GiB,100.0,59.47 GiB,100.0,,
RS01SLBS-LJ01A-09-HYDBBA102,2026-05-25,50.79 GiB,59.47 GiB,100.0,59.47 GiB,100.0,,
RS01SLBS-LJ01A-09-HYDBBA102,2026-06-01,54.63 GiB,59.47 GiB,100.0,59.47 GiB,100.0,,
RS01SLBS-LJ01A-09-HYDBBA102,2026-06-08,50.38 GiB,59.47 GiB,100.0,59.47 GiB,100.0,,
RS01SLBS-LJ01A-09-HYDBBA102,2026-06-15,37.27 GiB,59.47 GiB,100.0,59.47 GiB,100.0,,
RS01SLBS-LJ01A-09-HYDBBA102,2026-06-22,9.82 GiB,59.47 GiB,100.0,59.47 GiB,100.0,,
RS01SLBS-LJ01A-09-HYDBBA102,2026-06-29,21.92 GiB,59.47 GiB,100.0,59.47 GiB,100.0,,
RS01SLBS-LJ01A-09-HYDBBA102,2026-07-06,31.08 GiB,59.47 GiB,100.0,59.47 GiB,100.0,,
RS01SLBS-LJ01A-09-HYDBBA102,2026-07-13,26.11 GiB,59.47 GiB,100.0,59.47 GiB,100.0,,
RS01SLBS-LJ01A-09-HYDBBA102,2026-07-20,38.28 GiB,59.47 GiB,100.0,59.47 GiB,100.0,,
RS01SLBS-LJ01A-09-HYDBBA102,2026-07-27,30.49 GiB,59.47 GiB,100.0,59.47 GiB,100.0,,
RS01SLBS-LJ01A-09-HYDBBA102,2026-08-03,22.13 GiB,59.47 GiB,100.0,59.47 GiB,100.0,,
RS01SBPS-PC01A-08-HYDBBA103,2026-05-11,40.27 GiB,82.67 GiB,100.0,82.67 GiB,100.0,,
RS01SBPS-PC01A-08-HYDBBA103,2026-05-18,72.59 GiB,82.67 GiB,100.0,82.67 GiB,100.0,,
RS01SBPS-PC01A-08-HYDBBA103,2026-05-25,71.96 GiB,82.67 GiB,100.0,82.67 GiB,100.0,,
RS01SBPS-PC01A-08-HYDBBA103,2026-06-01,77.26 GiB,82.67 GiB,100.0,82.67 GiB,100.0,,
RS01SBPS-PC01A-08-HYDBBA103,2026-06-08,73.44 GiB,82.67 GiB,100.0,82.67 GiB,100.0,,
RS01SBPS-PC01A-08-HYDBBA103,2026-06-15,48.05 GiB,82.67 GiB,100.0,82.67 GiB,100.0,,
RS01SBPS-PC01A-08-HYDBBA103,2026-06-22,14.69 GiB,82.67 GiB,100.0,82.67 GiB,100.0,,
RS01SBPS-PC01A-08-HYDBBA103,2026-06-29,32.79 GiB,82.67 GiB,100.0,82.67 GiB,100.0,,
RS01SBPS-PC01A-08-HYDBBA103,2026-07-06,45.03 GiB,82.67 GiB,100.0,82.67 GiB,100.0,,
RS01SBPS-PC01A-08-HYDBBA103,2026-07-13,39.05 GiB,82.67 GiB,100.0,82.67 GiB,100.0,,
RS01SBPS-PC01A-08-HYDBBA103,2026-07-20,56.66 GiB,82.67 GiB,100.0,82.67 GiB,100.0,,
RS01SBPS-PC01A-08-HYDBBA103,2026-07-27,45.16 GiB,82.67 GiB,100.0,82.67 GiB,100.0,,
RS01SBPS-PC01A-08-HYDBBA103,2026-08-03,33.07 GiB,82.67 GiB,100.0,82.67 GiB,100.0,,
CE04OSBP-LJ01C-11-HYDBBA105,2026-05-11,0 bytes,0 bytes,,73.57 GiB,0.0,,
CE04OSBP-LJ01C-11-HYDBBA105,2026-05-18,0 bytes,0 bytes,,73.57 GiB,0.0,,
CE04OSBP-LJ01C-11-HYDBBA105,2026-05-25,0 bytes,0 bytes,,73.57 GiB,0.0,,
CE04OSBP-LJ01C-11-HYDBBA105,2026-06-01,0 bytes,0 bytes,,73.57 GiB,0.0,,
CE04OSBP-LJ01C-11-HYDBBA105,2026-06-08,0 bytes,0 bytes,,73.57 GiB,0.0,,
CE04OSBP-LJ01C-11-HYDBBA105,2026-06-15,0 bytes,0 bytes,,73.57 GiB,0.0,,
CE04OSBP-LJ01C-11-HYDBBA105,2026-06-22,0 bytes,0 bytes,,73.57 GiB,0.0,,
CE04OSBP-LJ01C-11-HYDBBA105,2026-06-29,0 bytes,0 bytes,,73.57 GiB,0.0,,
CE04OSBP-LJ01C-11-HYDBBA105,2026-07-06,0 bytes,0 bytes,,73.57 GiB,0.0,,
CE04OSBP-LJ01C-11-HYDBBA105,2026-07-13,0 bytes,0 bytes,,73.57 GiB,0.0,,
CE04OSBP-LJ01C-11-HYDBBA105,2026-07-20,0 bytes,0 bytes,,73.57 GiB,0.0,,
CE04OSBP-LJ01C-11-HYDBBA105,2026-07-27,0 bytes,0 bytes,,73.57 GiB,0.0,,
CE04OSBP-LJ01C-11-HYDBBA105,2026-08-03,0 bytes,0 bytes,,73.57 GiB,0.0,,
CE02SHBP-LJ01D-11-HYDBBA106,2026-05-11,30.98 GiB,67.37 GiB,100.0,67.37 GiB,100.0,,
CE02SHBP-LJ01D-11-HYDBBA106,2026-05-18,54.38 GiB,67.37 GiB,100.0,67.37 GiB,100.0,,
CE02SHBP-LJ01D-11-HYDBBA106,2026-05-25,55.93 GiB,67.37 GiB,100.0,67.37 GiB,100.0,,
CE02SHBP-LJ01D-11-HYDBBA106,2026-06-01,60.24 GiB,67.37 GiB,100.0,67.37 GiB,100.0,,
CE02SHBP-LJ01D-11-HYDBBA106,2026-06-08,52.88 GiB,67.37 GiB,100.0,67.37 GiB,100.0,,
CE02SHBP-LJ01D-11-HYDBBA106,2026-06-15,40.24 GiB,67.37 GiB,100.0,67.37 GiB,100.0,,
CE02SHBP-LJ01D-11-HYDBBA106,2026-06-22,10.52 GiB,67.37 GiB,100.0,67.37 GiB,100.0,,
CE02SHBP-LJ01D-11-HYDBBA106,2026-06-29,23.75 GiB,67.37 GiB,100.0,67.37 GiB,100.0,,
CE02SHBP-LJ01D-11-HYDBBA106,2026-07-06,32.7 GiB,67.37 GiB,100.0,67.37 GiB,100.0,,
CE02SHBP-LJ01D-11-HYDBBA106,2026-07-13,27.14 GiB,67.37 GiB,100.0,67.37 GiB,100.0,,
CE02SHBP-LJ01D-11-HYDBBA106,2026-07-20,38.54 GiB,67.37 GiB,100.0,67.37 GiB,100.0,,
CE02SHBP-LJ01D-11-HYDBBA106,2026-07-27,31.13 GiB,67.37 GiB,100.0,67.37 GiB,100.0,,
CE02SHBP-LJ01D-11-HYDBBA106,2026-08-03,23.17 GiB,67.37 GiB,100.0,67.37 GiB,100.0,,
RS03AXBS-LJ03A-09-HYDBBA302,2026-05-11,39.18 GiB,74.69 GiB,100.0,74.69 GiB,100.0,,
RS03AXBS-LJ03A-09-HYDBBA302,2026-05-18,65.32 GiB,74.69 GiB,100.0,74.69 GiB,100.0,,
RS03AXBS-LJ03A-09-HYDBBA302,2026-05-25,64.78 GiB,74.69 GiB,100.0,74.69 GiB,100.0,,
RS03AXBS-LJ03A-09-HYDBBA302,2026-06-01,70.21 GiB,74.69 GiB,100.0,74.69 GiB,100.0,,
RS03AXBS-LJ03A-09-HYDBBA302,2026-06-08,66.01 GiB,74.69 GiB,100.0,74.69 GiB,100.0,,
RS03AXBS-LJ03A-09-HYDBBA302,2026-06-15,47.24 GiB,74.69 GiB,100.0,74.69 GiB,100.0,,
RS03AXBS-LJ03A-09-HYDBBA302,2026-06-22,12.73 GiB,74.69 GiB,100.0,74.69 GiB,100.0,,
RS03AXBS-LJ03A-09-HYDBBA302,2026-06-29,29.67 GiB,74.69 GiB,100.0,74.69 GiB,100.0,,
RS03AXBS-LJ03A-09-HYDBBA302,2026-07-06,40.72 GiB,74.69 GiB,100.0,74.69 GiB,100.0,,
RS03AXBS-LJ03A-09-HYDBBA302,2026-07-13,35.33 GiB,74.69 GiB,100.0,74.69 GiB,100.0,,
RS03AXBS-LJ03A-09-HYDBBA302,2026-07-20,51.19 GiB,74.69 GiB,100.0,74.69 GiB,100.0,,
RS03AXBS-LJ03A-09-HYDBBA302,2026-07-27,40.85 GiB,74.69 GiB,100.0,74.69 GiB,100.0,,
RS03AXBS-LJ03A-09-HYDBBA302,2026-08-03,29.91 GiB,74.69 GiB,100.0,74.69 GiB,100.0,,
RS03AXPS-PC03A-08-HYDBBA303,2026-05-11,42.9 GiB,82.6 GiB,100.0,82.6 GiB,100.0,,
RS03AXPS-PC03A-08-HYDBBA303,2026-05-18,72.83 GiB,82.6 GiB,100.0,82.6 GiB,100.0,,
RS03AXPS-PC03A-08-HYDBBA303,2026-05-25,71.74 GiB,82.6 GiB,100.0,82.6 GiB,100.0,,
RS03AXPS-PC03A-08-HYDBBA303,2026-06-01,77.46 GiB,82.6 GiB,100.0,82.6 GiB,100.0,,
RS03AXPS-PC03A-08-HYDBBA303,2026-06-08,73.5 GiB,82.6 GiB,100.0,82.6 GiB,100.0,,
RS03AXPS-PC03A-08-HYDBBA303,2026-06-15,49.99 GiB,82.6 GiB,100.0,82.6 GiB,100.0,,
RS03AXPS-PC03A-08-HYDBBA303,2026-06-22,14.52 GiB,82.6 GiB,100.0,82.6 GiB,100.0,,
RS03AXPS-PC03A-08-HYDBBA303,2026-06-29,32.79 GiB,82.6 GiB,100.0,82.6 GiB,100.0,,
RS03AXPS-PC03A-08-HYDBBA303,2026-07-06,45.03 GiB,82.6 GiB,100.0,82.6 GiB,100.0,,
RS03AXPS-PC03A-08-HYDBBA303,2026-07-13,39.05 GiB,82.6 GiB,100.0,82.6 GiB,100.0,,
RS03AXPS-PC03A-08-HYDBBA303,2026-07-20,56.66 GiB,82.6 GiB,100.0,82.6 GiB,100.0,,
RS03AXPS-PC03A-08-HYDBBA303,2026-07-27,45.16 GiB,82.6 GiB,100.0,82.6 GiB,100.0,,
RS03AXPS-PC03A-08-HYDBBA303,2026-08-03,33.07 GiB,82.6 GiB,100.0,82.6 GiB,100.0,,
RS01SLBS-MJ01A-05-HYDLFA101,2026-05-11,0 bytes,0 bytes,100.0,0 bytes,100.0,,
RS01SLBS-MJ01A-05-HYDLFA101,2026-05-18,0 bytes,0 bytes,100.0,0 bytes,100.0,,
RS01SLBS-MJ01A-05-HYDLFA101,2026-05-25,0 bytes,0 bytes,100.0,0 bytes,100.0,,
RS01SLBS-MJ01A-05-HYDLFA101,2026-06-01,0 bytes,0 bytes,100.0,0 bytes,100.0,,
RS01SLBS-MJ01A-05-HYDLFA101,2026-06-08,0 bytes,0 bytes,100.0,0 bytes,100.0,,
RS01SLBS-MJ01A-05-HYDLFA101,2026-06-15,0 bytes,0 bytes,100.0,0 bytes,100.0,,
RS01SLBS-MJ01A-05-HYDLFA101,2026-06-22,0 bytes,0 bytes,100.0,0 bytes,100.0,,
RS01SLBS-MJ01A-05-HYDLFA101,2026-06-29,0 bytes,0 bytes,100.0,0 bytes,100.0,,
RS01SLBS-MJ01A-05-HYDLFA101,2026-07-06,0 bytes,0 bytes,100.0,0 bytes,100.0,,
RS01SLBS-MJ01A-05-HYDLFA101,2026-07-13,0 bytes,0 bytes,100.0,0 bytes,100.0,,
RS01SLBS-MJ01A-05-HYDLFA101,2026-07-20,0 bytes,0 bytes,100.0,0 bytes,100.0,,
RS01SLBS-MJ01A-05-HYDLFA101,2026-07-27,0 bytes,0 bytes,100.0,0 bytes,100.0,,
RS01SLBS-MJ01A-05-HYDLFA101,2026-08-03,0 bytes,0 bytes,100.0,0 bytes,100.0,,
RS01SUM1-LJ01B-05-HYDLFA104,2026-05-11,0 bytes,0 bytes,100.0,0 bytes,100.0,,
RS01SUM1-LJ01B-05-HYDLFA104,2026-05-18,0 bytes,0 bytes,100.0,0 bytes,100.0,,
RS01SUM1-LJ01B-05-HYDLFA104,2026-05-25,0 bytes,0 bytes,100.0,0 bytes,100.0,,
RS01SUM1-LJ01B-05-HYDLFA104,2026-06-01,0 bytes,0 bytes,100.0,0 bytes,100.0,,
RS01SUM1-LJ01B-05-HYDLFA104,2026-06-08,0 bytes,0 bytes,100.0,0 bytes,100.0,,
RS01SUM1-LJ01B-05-HYDLFA104,2026-06-15,0 bytes,0 bytes,100.0,0 bytes,100.0,,
RS01SUM1-LJ01B-05-HYDLFA104,2026-06-22,0 bytes,0 bytes,100.0,0 bytes,100.0,,
RS01SUM1-LJ01B-05-HYDLFA104,2026-06-29,0 bytes,0 bytes,100.0,0 bytes,100.0,,
RS01SUM1-LJ01B-05-HYDLFA104,2026-07-06,0 bytes,0 bytes,100.0,0 bytes,100.0,,
RS01SUM1-LJ01B-05-HYDLFA104,2026-07-13,0 bytes,0 bytes,100.0,0 bytes,100.0,,
RS01SUM1-LJ01B-05-HYDLFA104,2026-07-20,0 bytes,0 bytes,100.0,0 bytes,100.0,,
RS01SUM1-LJ01B-05-HYDLFA104,2026-07-27,0 bytes,0 bytes,100.0,0 bytes,100.0,,
RS01SUM1-LJ01B-05-HYDLFA104,2026-08-03,0 bytes,0 bytes,100.0,0 bytes,100.0,,
RS03AXBS-MJ03A-05-HYDLFA301,2026-05-11,0 bytes,0 bytes,100.0,0 bytes,100.0,,
RS03AXBS-MJ03A-05-HYDLFA301,2026-05-18,0 bytes,0 bytes,100.0,0 bytes,100.0,,
RS03AXBS-MJ03A-05-HYDLFA301,2026-05-25,0 bytes,0 bytes,100.0,0 bytes,100.0,,
RS03AXBS-MJ03A-05-HYDLFA301,2026-06-01,0 bytes,0 bytes,100.0,0 bytes,100.0,,
RS03AXBS-MJ03A-05-HYDLFA301,2026-06-08,0 bytes,0 bytes,100.0,0 bytes,100.0,,
RS03AXBS-MJ03A-05-HYDLFA301,2026-06-15,0 bytes,0 bytes,100.0,0 bytes,100.0,,
RS03AXBS-MJ03A-05-HYDLFA301,2026-06-22,0 bytes,0 bytes,100.0,0 bytes,100.0,,
RS03AXBS-MJ03A-05-HYDLFA301,2026-06-29,0 bytes,0 bytes,100.0,0 bytes,100.0,,
RS03AXBS-MJ03A-05-HYDLFA301,2026-07-06,0 bytes,0 bytes,100.0,0 bytes,100.0,,
RS03AXBS-MJ03A-05-HYDLFA301,2026-07-13,0 bytes,0 bytes,100.0,0 bytes,100.0,,
RS03AXBS-MJ03A-05-HYDLFA301,2026-07-20,0 bytes,0 bytes,100.0,0 bytes,100.0,,
RS03AXBS-MJ03A-05-HYDLFA301,2026-07-27,0 bytes,0 bytes,100.0,0 bytes,100.0,,
RS03AXBS-MJ03A-05-HYDLFA301,2026-08-03,0 bytes,0 bytes,100.0,0 bytes,100.0,,
RS03ECAL-MJ03E-09-HYDLFA304,2026-05-11,0 bytes,0 bytes,100.0,0 bytes,100.0,,
RS03ECAL-MJ03E-09-HYDLFA304,2026-05-18,0 bytes,0 bytes,100.0,0 bytes,100.0,,
RS03ECAL-MJ03E-09-HYDLFA304,2026-05-25,0 bytes,0 bytes,100.0,0 bytes,100.0,,
RS03ECAL-MJ03E-09-HYDLFA304,2026-06-01,0 bytes,0 bytes,100.0,0 bytes,100.0,,
RS03ECAL-MJ03E-09-HYDLFA304,2026-06-08,0 bytes,0 bytes,100.0,0 bytes,100.0,,
RS03ECAL-MJ03E-09-HYDLFA304,2026-06-15,0 bytes,0 bytes,100.0,0 bytes,100.0,,
RS03ECAL-MJ03E-09-HYDLFA304,2026-06-22,0 bytes,0 bytes,100.0,0 bytes,100.0,,
RS03ECAL-MJ03E-09-HYDLFA304,2026-06-29,0 bytes,0 bytes,100.0,0 bytes,100.0,,
RS03ECAL-MJ03E-09-HYDLFA304,2026-07-06,0 bytes,0 bytes,100.0,0 bytes,100.0,,
RS03ECAL-MJ03E-09-HYDLFA304,2026-07-13,0 bytes,0 bytes,100.0,0 bytes,100.0,,
RS03ECAL-MJ03E-09-HYDLFA304,2026-07-20,0 bytes,0 bytes,100.0,0 bytes,100.0,,
RS03ECAL-MJ03E-09-HYDLFA304,2026-07-27,0 bytes,0 bytes,100.0,0 bytes,100.0,,
RS03ECAL-MJ03E-09-HYDLFA304,2026-08-03,0 bytes,0 bytes,100.0,0 bytes,100.0,,
RS03CCAL-MJ03F-06-HYDLFA305,2026-05-11,0 bytes,0 bytes,100.0,0 bytes,100.0,,
RS03CCAL-MJ03F-06-HYDLFA305,2026-05-18,0 bytes,0 bytes,100.0,0 bytes,100.0,,
RS03CCAL-MJ03F-06-HYDLFA305,2026-05-25,0 bytes,0 bytes,100.0,0 bytes,100.0,,
RS03CCAL-MJ03F-06-HYDLFA305,2026-06-01,0 bytes,0 bytes,100.0,0 bytes,100.0,,
RS03CCAL-MJ03F-06-HYDLFA305,2026-06-08,0 bytes,0 bytes,100.0,0 bytes,100.0,,
RS03CCAL-MJ03F-06-HYDLFA305,2026-06-15,0 bytes,0 bytes,100.0,0 bytes,100.0,,
RS03CCAL-MJ03F-06-HYDLFA305,2026-06-22,0 bytes,0 bytes,100.0,0 bytes,100.0,,
RS03CCAL-MJ03F-06-HYDLFA305,2026-06-29,0 bytes,0 bytes,100.0,0 bytes,100.0,,
RS03CCAL-MJ03F-06-HYDLFA305,2026-07-06,0 bytes,0 bytes,100.0,0 bytes,100.0,,
RS03CCAL-MJ03F-06-HYDLFA305,2026-07-13,0 bytes,0 bytes,100.0,0 bytes,100.0,,
RS03CCAL-MJ03F-06-HYDLFA305,2026-07-20,0 bytes,0 bytes,100.0,0 bytes,100.0,,
RS03CCAL-MJ03F-06-HYDLFA305,2026-07-27,0 bytes,0 bytes,100.0,0 bytes,100.0,,
RS03CCAL-MJ03F-06-HYDLFA305,2026-08-03,0 bytes,0 bytes,100.0,0 bytes,100.0,,
RS01SBPS-SF01A-4A-NUTNRA101,2026-05-11,30.3 MiB,31.15 MiB,97.3,31.15 MiB,97.3,94.6,
RS01SBPS-SF01A-4A-NUTNRA101,2026-05-18,30.2 MiB,31.15 MiB,97.0,31.15 MiB,97.0,95.3,
RS01SBPS-SF01A-4A-NUTNRA101,2026-05-25,30.4 MiB,31.15 MiB,97.6,31.15 MiB,97.6,94.4,
RS01SBPS-SF01A-4A-NUTNRA101,2026-06-01,29.9 MiB,31.15 MiB,96.0,31.15 MiB,96.0,92.1,
RS01SBPS-SF01A-4A-NUTNRA101,2026-06-08,30.6 MiB,31.15 MiB,98.2,31.15 MiB,98.2,92.1,
RS01SBPS-SF01A-4A-NUTNRA101,2026-06-15,30.3 MiB,31.15 MiB,97.3,31.15 MiB,97.3,93.7,
RS01SBPS-SF01A-4A-NUTNRA101,2026-06-22,31.4 MiB,31.15 MiB,100.8,31.15 MiB,100.8,99.0,
RS01SBPS-SF01A-4A-NUTNRA101,2026-06-29,30.8 MiB,31.15 MiB,98.9,31.15 MiB,98.9,99.8,
RS01SBPS-SF01A-4A-NUTNRA101,2026-07-06,31.1 MiB,31.15 MiB,99.8,31.15 MiB,99.8,99.9,
RS01SBPS-SF01A-4A-NUTNRA101,2026-07-13,28.2 MiB,31.15 MiB,90.5,31.15 MiB,90.5,99.9,
RS01SBPS-SF01A-4A-NUTNRA101,2026-07-20,26.8 MiB,31.15 MiB,86.0,31.15 MiB,86.0,99.8,
RS01SBPS-SF01A-4A-NUTNRA101,2026-07-27,34.2 MiB,31.15 MiB,109.8,31.15 MiB,109.8,99.8,
RS01SBPS-SF01A-4A-NUTNRA101,2026-08-03,30.5 MiB,31.15 MiB,97.9,31.15 MiB,97.9,98.7,
CE04OSPS-SF01B-4A-NUTNRA102,2026-05-11,37.6 MiB,39.85 MiB,94.4,39.85 MiB,94.4,100.0,
CE04OSPS-SF01B-4A-NUTNRA102,2026-05-18,37.1 MiB,39.85 MiB,93.1,39.85 MiB,93.1,100.0,
CE04OSPS-SF01B-4A-NUTNRA102,2026-05-25,36.7 MiB,39.85 MiB,92.1,39.85 MiB,92.1,100.0,
CE04OSPS-SF01B-4A-NUTNRA102,2026-06-01,35.9 MiB,39.85 MiB,90.1,39.85 MiB,90.1,100.0,
CE04OSPS-SF01B-4A-NUTNRA102,2026-06-08,35.9 MiB,39.85 MiB,90.1,39.85 MiB,90.1,100.0,
CE04OSPS-SF01B-4A-NUTNRA102,2026-06-15,35.1 MiB,39.85 MiB,88.1,39.85 MiB,88.1,100.0,
CE04OSPS-SF01B-4A-NUTNRA102,2026-06-22,34.6 MiB,39.85 MiB,86.8,39.85 MiB,86.8,100.0,
CE04OSPS-SF01B-4A-NUTNRA102,2026-06-29,34.3 MiB,39.85 MiB,86.1,39.85 MiB,86.1,100.0,
CE04OSPS-SF01B-4A-NUTNRA102,2026-07-06,34.1 MiB,39.85 MiB,85.6,39.85 MiB,85.6,100.0,
CE04OSPS-SF01B-4A-NUTNRA102,2026-07-13,33.6 MiB,39.85 MiB,84.3,39.85 MiB,84.3,100.0,
CE04OSPS-SF01B-4A-NUTNRA102,2026-07-20,33.4 MiB,39.85 MiB,83.8,39.85 MiB,83.8,100.0,
CE04OSPS-SF01B-4A-NUTNRA102,2026-07-27,32.8 MiB,39.85 MiB,82.3,39.85 MiB,82.3,100.0,
CE04OSPS-SF01B-4A-NUTNRA102,2026-08-03,32.9 MiB,39.85 MiB,82.6,39.85 MiB,82.6,100.0,
RS03AXPS-SF03A-4A-NUTNRA301,2026-05-11,57.7 MiB,68.2 MiB,84.6,68.2 MiB,84.6,97.9,
RS03AXPS-SF03A-4A-NUTNRA301,2026-05-18,55.2 MiB,68.2 MiB,80.9,68.2 MiB,80.9,97.5,
RS03AXPS-SF03A-4A-NUTNRA301,2026-05-25,53.1 MiB,68.2 MiB,77.9,68.2 MiB,77.9,98.2,
RS03AXPS-SF03A-4A-NUTNRA301,2026-06-01,50.6 MiB,68.2 MiB,74.2,68.2 MiB,74.2,99.9,
RS03AXPS-SF03A-4A-NUTNRA301,2026-06-08,50.3 MiB,68.2 MiB,73.8,68.2 MiB,73.8,100.0,
RS03AXPS-SF03A-4A-NUTNRA301,2026-06-15,48.7 MiB,68.2 MiB,71.4,68.2 MiB,71.4,99.9,
RS03AXPS-SF03A-4A-NUTNRA301,2026-06-22,47.2 MiB,68.2 MiB,69.2,68.2 MiB,69.2,98.9,
RS03AXPS-SF03A-4A-NUTNRA301,2026-06-29,46.4 MiB,68.2 MiB,68.0,68.2 MiB,68.0,98.7,
RS03AXPS-SF03A-4A-NUTNRA301,2026-07-06,45.5 MiB,68.2 MiB,66.7,68.2 MiB,66.7,95.8,
RS03AXPS-SF03A-4A-NUTNRA301,2026-07-13,44.3 MiB,68.2 MiB,65.0,68.2 MiB,65.0,87.3,
RS03AXPS-SF03A-4A-NUTNRA301,2026-07-20,43.8 MiB,68.2 MiB,64.2,68.2 MiB,64.2,82.9,
RS03AXPS-SF03A-4A-NUTNRA301,2026-07-27,42.2 MiB,68.2 MiB,61.9,68.2 MiB,61.9,90.7,
RS03AXPS-SF03A-4A-NUTNRA301,2026-08-03,41.8 MiB,68.2 MiB,61.3,68.2 MiB,61.3,93.0,
RS01SUM1-LJ01B-05-OBSBBA101,2026-05-11,0 bytes,0 bytes,100.0,0 bytes,100.0,,
RS01SUM1-LJ01B-05-OBSBBA101,2026-05-18,0 bytes,0 bytes,100.0,0 bytes,100.0,,
RS01SUM1-LJ01B-05-OBSBBA101,2026-05-25,0 bytes,0 bytes,100.0,0 bytes,100.0,,
RS01SUM1-LJ01B-05-OBSBBA101,2026-06-01,0 bytes,0 bytes,100.0,0 bytes,100.0,,
RS01SUM1-LJ01B-05-OBSBBA101,2026-06-08,0 bytes,0 bytes,100.0,0 bytes,100.0,,
RS01SUM1-LJ01B-05-OBSBBA101,2026-06-15,0 bytes,0 bytes,100.0,0 bytes,100.0,,
RS01SUM1-LJ01B-05-OBSBBA101,2026-06-22,0 bytes,0 bytes,100.0,0 bytes,100.0,,
RS01SUM1-LJ01B-05-OBSBBA101,2026-06-29,0 bytes,0 bytes,100.0,0 bytes,100.0,,
RS01SUM1-LJ01B-05-OBSBBA101,2026-07-06,0 bytes,0 bytes,100.0,0 bytes,100.0,,
RS01SUM1-LJ01B-05-OBSBBA101,2026-07-13,0 bytes,0 bytes,100.0,0 bytes,100.0,,
RS01SUM1-LJ01B-05-OBSBBA101,2026-07-20,0 bytes,0 bytes,100.0,0 bytes,100.0,,
RS01SUM1-LJ01B-05-OBSBBA101,2026-07-27,0 bytes,0 bytes,100.0,0 bytes,100.0,,
RS01SUM1-LJ01B-05-OBSBBA101,2026-08-03,0 bytes,0 bytes,100.0,0 bytes,100.0,,
RS01SLBS-MJ01A-05-OBSBBA102,2026-05-11,0 bytes,0 bytes,100.0,0 bytes,100.0,,
RS01SLBS-MJ01A-05-OBSBBA102,2026-05-18,0 bytes,0 bytes,100.0,0 bytes,100.0,,
RS01SLBS-MJ01A-05-OBSBBA102,2026-05-25,0 bytes,0 bytes,100.0,0 bytes,100.0,,
RS01SLBS-MJ01A-05-OBSBBA102,2026-06-01,0 bytes,0 bytes,100.0,0 bytes,100.0,,
RS01SLBS-MJ01A-05-OBSBBA102,2026-06-08,0 bytes,0 bytes,100.0,0 bytes,100.0,,
RS01SLBS-MJ01A-05-OBSBBA102,2026-06-15,0 bytes,0 bytes,100.0,0 bytes,100.0,,
RS01SLBS-MJ01A-05-OBSBBA102,2026-06-22,0 bytes,0 bytes,100.0,0 bytes,100.0,,
RS01SLBS-MJ01A-05-OBSBBA102,2026-06-29,0 bytes,0 bytes,100.0,0 bytes,100.0,,
RS01SLBS-MJ01A-05-OBSBBA102,2026-07-06,0 bytes,0 bytes,100.0,0 bytes,100.0,,
RS01SLBS-MJ01A-05-OBSBBA102,2026-07-13,0 bytes,0 bytes,100.0,0 bytes,100.0,,
RS01SLBS-MJ01A-05-OBSBBA102,2026-07-20,0 bytes,0 bytes,100.0,0 bytes,100.0,,
RS01SLBS-MJ01A-05-OBSBBA102,2026-07-27,0 bytes,0 bytes,100.0,0 bytes,100.0,,
RS01SLBS-MJ01A-05-OBSBBA102,2026-08-03,0 bytes,0 bytes,100.0,0 bytes,100.0,,
RS03CCAL-MJ03F-06-OBSBBA301,2026-05-11,0 bytes,0 bytes,100.0,0 bytes,100.0,,
RS03CCAL-MJ03F-06-OBSBBA301,2026-05-18,0 bytes,0 bytes,100.0,0 bytes,100.0,,
RS03CCAL-MJ03F-06-OBSBBA301,2026-05-25,0 bytes,0 bytes,100.0,0 bytes,100.0,,
RS03CCAL-MJ03F-06-OBSBBA301,2026-06-01,0 bytes,0 bytes,100.0,0 bytes,100.0,,
RS03CCAL-MJ03F-06-OBSBBA301,2026-06-08,0 bytes,0 bytes,100.0,0 bytes,100.0,,
RS03CCAL-MJ03F-06-OBSBBA301,2026-06-15,0 bytes,0 bytes,100.0,0 bytes,100.0,,
RS03CCAL-MJ03F-06-OBSBBA301,2026-06-22,0 bytes,0 bytes,100.0,0 bytes,100.0,,
RS03CCAL-MJ03F-06-OBSBBA301,2026-06-29,0 bytes,0 bytes,100.0,0 bytes,100.0,,
RS03CCAL-MJ03F-06-OBSBBA301,2026-07-06,0 bytes,0 bytes,100.0,0 bytes,100.0,,
RS03CCAL-MJ03F-06-OBSBBA301,2026-07-13,0 bytes,0 bytes,100.0,0 bytes,100.0,,
RS03CCAL-MJ03F-06-OBSBBA301,2026-07-20,0 bytes,0 bytes,100.0,0 bytes,100.0,,
RS03CCAL-MJ03F-06-OBSBBA301,2026-07-27,0 bytes,0 bytes,100.0,0 bytes,100.0,,
RS03CCAL-MJ03F-06-OBSBBA301,2026-08-03,0 bytes,0 bytes,100.0,0 bytes,100.0,,
RS03ECAL-MJ03E-09-OBSBBA302,2026-05-11,0 bytes,0 bytes,100.0,0 bytes,100.0,,
RS03ECAL-MJ03E-09-OBSBBA302,2026-05-18,0 bytes,0 bytes,100.0,0 bytes,100.0,,
RS03ECAL-MJ03E-09-OBSBBA302,2026-05-25,0 bytes,0 bytes,100.0,0 bytes,100.0,,
RS03ECAL-MJ03E-09-OBSBBA302,2026-06-01,0 bytes,0 bytes,100.0,0 bytes,100.0,,
RS03ECAL-MJ03E-09-OBSBBA302,2026-06-08,0 bytes,0 bytes,100.0,0 bytes,100.0,,
RS03ECAL-MJ03E-09-OBSBBA302,2026-06-15,0 bytes,0 bytes,100.0,0 bytes,100.0,,
RS03ECAL-MJ03E-09-OBSBBA302,2026-06-22,0 bytes,0 bytes,100.0,0 bytes,100.0,,
RS03ECAL-MJ03E-09-OBSBBA302,2026-06-29,0 bytes,0 bytes,100.0,0 bytes,100.0,,
RS03ECAL-MJ03E-09-OBSBBA302,2026-07-06,0 bytes,0 bytes,100.0,0 bytes,100.0,,
RS03ECAL-MJ03E-09-OBSBBA302,2026-07-13,0 bytes,0 bytes,100.0,0 bytes,100.0,,
RS03ECAL-MJ03E-09-OBSBBA302,2026-07-20,0 bytes,0 bytes,100.0,0 bytes,100.0,,
RS03ECAL-MJ03E-09-OBSBBA302,2026-07-27,0 bytes,0 bytes,100.0,0 bytes,100.0,,
RS03ECAL-MJ03E-09-OBSBBA302,2026-08-03,0 bytes,0 bytes,100.0,0 bytes,100.0,,
RS03AXBS-MJ03A-05-OBSBBA303,2026-05-11,0 bytes,0 bytes,100.0,0 bytes,100.0,,
RS03AXBS-MJ03A-05-OBSBBA303,2026-05-18,0 bytes,0 bytes,100.0,0 bytes,100.0,,
RS03AXBS-MJ03A-05-OBSBBA303,2026-05-25,0 bytes,0 bytes,100.0,0 bytes,100.0,,
RS03AXBS-MJ03A-05-OBSBBA303,2026-06-01,0 bytes,0 bytes,100.0,0 bytes,100.0,,
RS03AXBS-MJ03A-05-OBSBBA303,2026-06-08,0 bytes,0 bytes,100.0,0 bytes,100.0,,
RS03AXBS-MJ03A-05-OBSBBA303,2026-06-15,0 bytes,0 bytes,100.0,0 bytes,100.0,,
RS03AXBS-MJ03A-05-OBSBBA303,2026-06-22,0 bytes,0 bytes,100.0,0 bytes,100.0,,
RS03AXBS-MJ03A-05-OBSBBA303,2026-06-29,0 bytes,0 bytes,100.0,0 bytes,100.0,,
RS03AXBS-MJ03A-05-OBSBBA303,2026-07-06,0 bytes,0 bytes,100.0,0 bytes,100.0,,
RS03AXBS-MJ03A-05-OBSBBA303,2026-07-13,0 bytes,0 bytes,100.0,0 bytes,100.0,,
RS03AXBS-MJ03A-05-OBSBBA303,2026-07-20,0 bytes,0 bytes,100.0,0 bytes,100.0,,
RS03AXBS-MJ03A-05-OBSBBA303,2026-07-27,0 bytes,0 bytes,100.0,0 bytes,100.0,,
RS03AXBS-MJ03A-05-OBSBBA303,2026-08-03,0 bytes,0 bytes,100.0,0 bytes,100.0,,
RS01SUM1-LJ01B-08-OBSSPA101,2026-05-11,0 bytes,0 bytes,100.0,0 bytes,100.0,,
RS01SUM1-LJ01B-08-OBSSPA101,2026-05-18,0 bytes,0 bytes,100.0,0 bytes,100.0,,
RS01SUM1-LJ01B-08-OBSSPA101,2026-05-25,0 bytes,0 bytes,100.0,0 bytes,100.0,,
RS01SUM1-LJ01B-08-OBSSPA101,2026-06-01,0 bytes,0 bytes,100.0,0 bytes,100.0,,
RS01SUM1-LJ01B-08-OBSSPA101,2026-06-08,0 bytes,0 bytes,100.0,0 bytes,100.0,,
RS01SUM1-LJ01B-08-OBSSPA101,2026-06-15,0 bytes,0 bytes,100.0,0 bytes,100.0,,
RS01SUM1-LJ01B-08-OBSSPA101,2026-06-22,0 bytes,0 bytes,100.0,0 bytes,100.0,,
RS01SUM1-LJ01B-08-OBSSPA101,2026-06-29,0 bytes,0 bytes,100.0,0 bytes,100.0,,
RS01SUM1-LJ01B-08-OBSSPA101,2026-07-06,0 bytes,0 bytes,100.0,0 bytes,100.0,,
RS01SUM1-LJ01B-08-OBSSPA101,2026-07-13,0 bytes,0 bytes,100.0,0 bytes,100.0,,
RS01SUM1-LJ01B-08-OBSSPA101,2026-07-20,0 bytes,0 bytes,100.0,0 bytes,100.0,,
RS01SUM1-LJ01B-08-OBSSPA101,2026-07-27,0 bytes,0 bytes,100.0,0 bytes,100.0,,
RS01SUM1-LJ01B-08-OBSSPA101,2026-08-03,0 bytes,0 bytes,100.0,0 bytes,100.0,,
RS01SUM1-LJ01B-07-OBSSPA102,2026-05-11,0 bytes,0 bytes,100.0,0 bytes,100.0,,
RS01SUM1-LJ01B-07-OBSSPA102,2026-05-18,0 bytes,0 bytes,100.0,0 bytes,100.0,,
RS01SUM1-LJ01B-07-OBSSPA102,2026-05-25,0 bytes,0 bytes,100.0,0 bytes,100.0,,
RS01SUM1-LJ01B-07-OBSSPA102,2026-06-01,0 bytes,0 bytes,100.0,0 bytes,100.0,,
RS01SUM1-LJ01B-07-OBSSPA102,2026-06-08,0 bytes,0 bytes,100.0,0 bytes,100.0,,
RS01SUM1-LJ01B-07-OBSSPA102,2026-06-15,0 bytes,0 bytes,100.0,0 bytes,100.0,,
RS01SUM1-LJ01B-07-OBSSPA102,2026-06-22,0 bytes,0 bytes,100.0,0 bytes,100.0,,
RS01SUM1-LJ01B-07-OBSSPA102,2026-06-29,0 bytes,0 bytes,100.0,0 bytes,100.0,,
RS01SUM1-LJ01B-07-OBSSPA102,2026-07-06,0 bytes,0 bytes,100.0,0 bytes,100.0,,
RS01SUM1-LJ01B-07-OBSSPA102,2026-07-13,0 bytes,0 bytes,100.0,0 bytes,100.0,,
RS01SUM1-LJ01B-07-OBSSPA102,2026-07-20,0 bytes,0 bytes,100.0,0 bytes,100.0,,
RS01SUM1-LJ01B-07-OBSSPA102,2026-07-27,0 bytes,0 bytes,100.0,0 bytes,100.0,,
RS01SUM1-LJ01B-07-OBSSPA102,2026-08-03,0 bytes,0 bytes,100.0,0 bytes,100.0,,
RS01SUM1-LJ01B-06-OBSSPA103,2026-05-11,0 bytes,0 bytes,100.0,0 bytes,100.0,,
RS01SUM1-LJ01B-06-OBSSPA103,2026-05-18,0 bytes,0 bytes,100.0,0 bytes,100.0,,
RS01SUM1-LJ01B-06-OBSSPA103,2026-05-25,0 bytes,0 bytes,100.0,0 bytes,100.0,,
RS01SUM1-LJ01B-06-OBSSPA103,2026-06-01,0 bytes,0 bytes,100.0,0 bytes,100.0,,
RS01SUM1-LJ01B-06-OBSSPA103,2026-06-08,0 bytes,0 bytes,100.0,0 bytes,100.0,,
RS01SUM1-LJ01B-06-OBSSPA103,2026-06-15,0 bytes,0 bytes,100.0,0 bytes,100.0,,
RS01SUM1-LJ01B-06-OBSSPA103,2026-06-22,0 bytes,0 bytes,100.0,0 bytes,100.0,,
RS01SUM1-LJ01B-06-OBSSPA103,2026-06-29,0 bytes,0 bytes,100.0,0 bytes,100.0,,
RS01SUM1-LJ01B-06-OBSSPA103,2026-07-06,0 bytes,0 bytes,100.0,0 bytes,100.0,,
RS01SUM1-LJ01B-06-OBSSPA103,2026-07-13,0 bytes,0 bytes,100.0,0 bytes,100.0,,
RS01SUM1-LJ01B-06-OBSSPA103,2026-07-20,0 bytes,0 bytes,100.0,0 bytes,100.0,,
RS01SUM1-LJ01B-06-OBSSPA103,2026-07-27,0 bytes,0 bytes,100.0,0 bytes,100.0,,
RS01SUM1-LJ01B-06-OBSSPA103,2026-08-03,0 bytes,0 bytes,100.0,0 bytes,100.0,,
RS03ASHS-MJ03B-06-OBSSPA301,2026-05-11,0 bytes,0 bytes,100.0,0 bytes,100.0,,
RS03ASHS-MJ03B-06-OBSSPA301,2026-05-18,0 bytes,0 bytes,100.0,0 bytes,100.0,,
RS03ASHS-MJ03B-06-OBSSPA301,2026-05-25,0 bytes,0 bytes,100.0,0 bytes,100.0,,
RS03ASHS-MJ03B-06-OBSSPA301,2026-06-01,0 bytes,0 bytes,100.0,0 bytes,100.0,,
RS03ASHS-MJ03B-06-OBSSPA301,2026-06-08,0 bytes,0 bytes,100.0,0 bytes,100.0,,
RS03ASHS-MJ03B-06-OBSSPA301,2026-06-15,0 bytes,0 bytes,100.0,0 bytes,100.0,,
RS03ASHS-MJ03B-06-OBSSPA301,2026-06-22,0 bytes,0 bytes,100.0,0 bytes,100.0,,
RS03ASHS-MJ03B-06-OBSSPA301,2026-06-29,0 bytes,0 bytes,100.0,0 bytes,100.0,,
RS03ASHS-MJ03B-06-OBSSPA301,2026-07-06,0 bytes,0 bytes,100.0,0 bytes,100.0,,
RS03ASHS-MJ03B-06-OBSSPA301,2026-07-13,0 bytes,0 bytes,100.0,0 bytes,100.0,,
RS03ASHS-MJ03B-06-OBSSPA301,2026-07-20,0 bytes,0 bytes,100.0,0 bytes,100.0,,
RS03ASHS-MJ03B-06-OBSSPA301,2026-07-27,0 bytes,0 bytes,100.0,0 bytes,100.0,,
RS03ASHS-MJ03B-06-OBSSPA301,2026-08-03,0 bytes,0 bytes,100.0,0 bytes,100.0,,
RS03ASHS-MJ03B-05-OBSSPA302,2026-05-11,0 bytes,0 bytes,100.0,0 bytes,100.0,,
RS03ASHS-MJ03B-05-OBSSPA302,2026-05-18,0 bytes,0 bytes,100.0,0 bytes,100.0,,
RS03ASHS-MJ03B-05-OBSSPA302,2026-05-25,0 bytes,0 bytes,100.0,0 bytes,100.0,,
RS03ASHS-MJ03B-05-OBSSPA302,2026-06-01,0 bytes,0 bytes,100.0,0 bytes,100.0,,
RS03ASHS-MJ03B-05-OBSSPA302,2026-06-08,0 bytes,0 bytes,100.0,0 bytes,100.0,,
RS03ASHS-MJ03B-05-OBSSPA302,2026-06-15,0 bytes,0 bytes,100.0,0 bytes,100.0,,
RS03ASHS-MJ03B-05-OBSSPA302,2026-06-22,0 bytes,0 bytes,100.0,0 bytes,100.0,,
RS03ASHS-MJ03B-05-OBSSPA302,2026-06-29,0 bytes,0 bytes,100.0,0 bytes,100.0,,
RS03ASHS-MJ03B-05-OBSSPA302,2026-07-06,0 bytes,0 bytes,100.0,0 bytes,100.0,,
RS03ASHS-MJ03B-05-OBSSPA302,2026-07-13,0 bytes,0 bytes,100.0,0 bytes,100.0,,
RS03ASHS-MJ03B-05-OBSSPA302,2026-07-20,0 bytes,0 bytes,100.0,0 bytes,100.0,,
RS03ASHS-MJ03B-05-OBSSPA302,2026-07-27,0 bytes,0 bytes,100.0,0 bytes,100.0,,
RS03ASHS-MJ03B-05-OBSSPA302,2026-08-03,0 bytes,0 bytes,100.0,0 bytes,100.0,,
RS03ECAL-MJ03E-05-OBSSPA303,2026-05-11,0 bytes,0 bytes,100.0,0 bytes,100.0,,
RS03ECAL-MJ03E-05-OBSSPA303,2026-05-18,0 bytes,0 bytes,100.0,0 bytes,100.0,,
RS03ECAL-MJ03E-05-OBSSPA303,2026-05-25,0 bytes,0 bytes,100.0,0 bytes,100.0,,
RS03ECAL-MJ03E-05-OBSSPA303,2026-06-01,0 bytes,0 bytes,100.0,0 bytes,100.0,,
RS03ECAL-MJ03E-05-OBSSPA303,2026-06-08,0 bytes,0 bytes,100.0,0 bytes,100.0,,
RS03ECAL-MJ03E-05-OBSSPA303,2026-06-15,0 bytes,0 bytes,100.0,0 bytes,100.0,,
RS03ECAL-MJ03E-05-OBSSPA303,2026-06-22,0 bytes,0 bytes,100.0,0 bytes,100.0,,
RS03ECAL-MJ03E-05-OBSSPA303,2026-06-29,0 bytes,0 bytes,100.0,0 bytes,100.0,,
RS03ECAL-MJ03E-05-OBSSPA303,2026-07-06,0 bytes,0 bytes,100.0,0 bytes,100.0,,
RS03ECAL-MJ03E-05-OBSSPA303,2026-07-13,0 bytes,0 bytes,100.0,0 bytes,100.0,,
RS03ECAL-MJ03E-05-OBSSPA303,2026-07-20,0 bytes,0 bytes,100.0,0 bytes,100.0,,
RS03ECAL-MJ03E-05-OBSSPA303,2026-07-27,0 bytes,0 bytes,100.0,0 bytes,100.0,,
RS03ECAL-MJ03E-05-OBSSPA303,2026-08-03,0 bytes,0 bytes,100.0,0 bytes,100.0,,
RS03ECAL-MJ03E-08-OBSSPA304,2026-05-11,0 bytes,0 bytes,100.0,0 bytes,100.0,,
RS03ECAL-MJ03E-08-OBSSPA304,2026-05-18,0 bytes,0 bytes,100.0,0 bytes,100.0,,
RS03ECAL-MJ03E-08-OBSSPA304,2026-05-25,0 bytes,0 bytes,100.0,0 bytes,100.0,,
RS03ECAL-MJ03E-08-OBSSPA304,2026-06-01,0 bytes,0 bytes,100.0,0 bytes,100.0,,
RS03ECAL-MJ03E-08-OBSSPA304,2026-06-08,0 bytes,0 bytes,100.0,0 bytes,100.0,,
RS03ECAL-MJ03E-08-OBSSPA304,2026-06-15,0 bytes,0 bytes,100.0,0 bytes,100.0,,
RS03ECAL-MJ03E-08-OBSSPA304,2026-06-22,0 bytes,0 bytes,100.0,0 bytes,100.0,,
RS03ECAL-MJ03E-08-OBSSPA304,2026-06-29,0 bytes,0 bytes,100.0,0 bytes,100.0,,
RS03ECAL-MJ03E-08-OBSSPA304,2026-07-06,0 bytes,0 bytes,100.0,0 bytes,100.0,,
RS03ECAL-MJ03E-08-OBSSPA304,2026-07-13,0 bytes,0 bytes,100.0,0 bytes,100.0,,
RS03ECAL-MJ03E-08-OBSSPA304,2026-07-20,0 bytes,0 bytes,100.0,0 bytes,100.0,,
RS03ECAL-MJ03E-08-OBSSPA304,2026-07-27,0 bytes,0 bytes,100.0,0 bytes,100.0,,
RS03ECAL-MJ03E-08-OBSSPA304,2026-08-03,0 bytes,0 bytes,100.0,0 bytes,100.0,,
RS03INT2-MJ03D-05-OBSSPA305,2026-05-11,0 bytes,0 bytes,100.0,0 bytes,100.0,,
RS03INT2-MJ03D-05-OBSSPA305,2026-05-18,0 bytes,0 bytes,100.0,0 bytes,100.0,,
RS03INT2-MJ03D-05-OBSSPA305,2026-05-25,0 bytes,0 bytes,100.0,0 bytes,100.0,,
RS03INT2-MJ03D-05-OBSSPA305,2026-06-01,0 bytes,0 bytes,100.0,0 bytes,100.0,,
RS03INT2-MJ03D-05-OBSSPA305,2026-06-08,0 bytes,0 bytes,100.0,0 bytes,100.0,,
RS03INT2-MJ03D-05-OBSSPA305,2026-06-15,0 bytes,0 bytes,100.0,0 bytes,100.0,,
RS03INT2-MJ03D-05-OBSSPA305,2026-06-22,0 bytes,0 bytes,100.0,0 bytes,100.0,,
RS03INT2-MJ03D-05-OBSSPA305,2026-06-29,0 bytes,0 bytes,100.0,0 bytes,100.0,,
RS03INT2-MJ03D-05-OBSSPA305,2026-07-06,0 bytes,0 bytes,100.0,0 bytes,100.0,,
RS03INT2-MJ03D-05-OBSSPA305,2026-07-13,0 bytes,0 bytes,100.0,0 bytes,100.0,,
RS03INT2-MJ03D-05-OBSSPA305,2026-07-20,0 bytes,0 bytes,100.0,0 bytes,100.0,,
RS03INT2-MJ03D-05-OBSSPA305,2026-07-27,0 bytes,0 bytes,100.0,0 bytes,100.0,,
RS03INT2-MJ03D-05-OBSSPA305,2026-08-03,0 bytes,0 bytes,100.0,0 bytes,100.0,,
RS01SLBS-LJ01A-11-OPTAAC103,2026-05-11,91 MiB,91 MiB,100.0,91 MiB,100.0,,
RS01SLBS-LJ01A-11-OPTAAC103,2026-05-18,91 MiB,91 MiB,100.0,91 MiB,100.0,,
RS01SLBS-LJ01A-11-OPTAAC103,2026-05-25,91 MiB,91 MiB,100.0,91 MiB,100.0,,
RS01SLBS-LJ01A-11-OPTAAC103,2026-06-01,91 MiB,91 MiB,100.0,91 MiB,100.0,,
RS01SLBS-LJ01A-11-OPTAAC103,2026-06-08,91 MiB,91 MiB,100.0,91 MiB,100.0,,
RS01SLBS-LJ01A-11-OPTAAC103,2026-06-15,91 MiB,91 MiB,100.0,91 MiB,100.0,,
RS01SLBS-LJ01A-11-OPTAAC103,2026-06-22,91 MiB,91 MiB,100.0,91 MiB,100.0,,
RS01SLBS-LJ01A-11-OPTAAC103,2026-06-29,91 MiB,91 MiB,100.0,91 MiB,100.0,,
RS01SLBS-LJ01A-11-OPTAAC103,2026-07-06,91 MiB,91 MiB,100.0,91 MiB,100.0,,
RS01SLBS-LJ01A-11-OPTAAC103,2026-07-13,91 MiB,91 MiB,100.0,91 MiB,100.0,,
RS01SLBS-LJ01A-11-OPTAAC103,2026-07-20,91 MiB,91 MiB,100.0,91 MiB,100.0,,
RS01SLBS-LJ01A-11-OPTAAC103,2026-07-27,91 MiB,91 MiB,100.0,91 MiB,100.0,,
RS01SLBS-LJ01A-11-OPTAAC103,2026-08-03,91 MiB,91 MiB,100.0,91 MiB,100.0,,
CE04OSBP-LJ01C-08-OPTAAC104,2026-05-11,91 MiB,91 MiB,100.0,91 MiB,100.0,,
CE04OSBP-LJ01C-08-OPTAAC104,2026-05-18,91 MiB,91 MiB,100.0,91 MiB,100.0,,
CE04OSBP-LJ01C-08-OPTAAC104,2026-05-25,91 MiB,91 MiB,100.0,91 MiB,100.0,,
CE04OSBP-LJ01C-08-OPTAAC104,2026-06-01,91 MiB,91 MiB,100.0,91 MiB,100.0,,
CE04OSBP-LJ01C-08-OPTAAC104,2026-06-08,91 MiB,91 MiB,100.0,91 MiB,100.0,,
CE04OSBP-LJ01C-08-OPTAAC104,2026-06-15,91 MiB,91 MiB,100.0,91 MiB,100.0,,
CE04OSBP-LJ01C-08-OPTAAC104,2026-06-22,91 MiB,91 MiB,100.0,91 MiB,100.0,,
CE04OSBP-LJ01C-08-OPTAAC104,2026-06-29,91 MiB,91 MiB,100.0,91 MiB,100.0,,
CE04OSBP-LJ01C-08-OPTAAC104,2026-07-06,91 MiB,91 MiB,100.0,91 MiB,100.0,,
CE04OSBP-LJ01C-08-OPTAAC104,2026-07-13,91 MiB,91 MiB,100.0,91 MiB,100.0,,
CE04OSBP-LJ01C-08-OPTAAC104,2026-07-20,91 MiB,91 MiB,100.0,91 MiB,100.0,,
CE04OSBP-LJ01C-08-OPTAAC104,2026-07-27,91 MiB,91 MiB,100.0,91 MiB,100.0,,
CE04OSBP-LJ01C-08-OPTAAC104,2026-08-03,91 MiB,91 MiB,100.0,91 MiB,100.0,,
RS03AXBS-LJ03A-11-OPTAAC303,2026-05-11,84 MiB,90.6 MiB,92.7,90.6 MiB,92.7,,
RS03AXBS-LJ03A-11-OPTAAC303,2026-05-18,84 MiB,90.6 MiB,92.7,90.6 MiB,92.7,,
RS03AXBS-LJ03A-11-OPTAAC303,2026-05-25,84 MiB,90.6 MiB,92.7,90.6 MiB,92.7,,
RS03AXBS-LJ03A-11-OPTAAC303,2026-06-01,84 MiB,90.6 MiB,92.7,90.6 MiB,92.7,,
RS03AXBS-LJ03A-11-OPTAAC303,2026-06-08,84 MiB,90.6 MiB,92.7,90.6 MiB,92.7,,
RS03AXBS-LJ03A-11-OPTAAC303,2026-06-15,84 MiB,90.6 MiB,92.7,90.6 MiB,92.7,,
RS03AXBS-LJ03A-11-OPTAAC303,2026-06-22,84 MiB,90.6 MiB,92.7,90.6 MiB,92.7,,
RS03AXBS-LJ03A-11-OPTAAC303,2026-06-29,84 MiB,90.6 MiB,92.7,90.6 MiB,92.7,,
RS03AXBS-LJ03A-11-OPTAAC303,2026-07-06,84 MiB,90.6 MiB,92.7,90.6 MiB,92.7,,
RS03AXBS-LJ03A-11-OPTAAC303,2026-07-13,84 MiB,90.6 MiB,92.7,90.6 MiB,92.7,,
RS03AXBS-LJ03A-11-OPTAAC303,2026-07-20,84 MiB,90.6 MiB,92.7,90.6 MiB,92.7,,
RS03AXBS-LJ03A-11-OPTAAC303,2026-07-27,84 MiB,90.6 MiB,92.7,90.6 MiB,92.7,,
RS03AXBS-LJ03A-11-OPTAAC303,2026-08-03,84 MiB,90.6 MiB,92.7,90.6 MiB,92.7,,
RS01SBPS-SF01A-3B-OPTAAD101,2026-05-11,175 MiB,178 MiB,98.3,178 MiB,98.3,,
RS01SBPS-SF01A-3B-OPTAAD101,2026-05-18,175 MiB,178 MiB,98.3,178 MiB,98.3,,
RS01SBPS-SF01A-3B-OPTAAD101,2026-05-25,175 MiB,178 MiB,98.3,178 MiB,98.3,,
RS01SBPS-SF01A-3B-OPTAAD101,2026-06-01,175 MiB,178 MiB,98.3,178 MiB,98.3,,
RS01SBPS-SF01A-3B-OPTAAD101,2026-06-08,175 MiB,178 MiB,98.3,178 MiB,98.3,,
RS01SBPS-SF01A-3B-OPTAAD101,2026-06-15,175 MiB,178 MiB,98.3,178 MiB,98.3,,
RS01SBPS-SF01A-3B-OPTAAD101,2026-06-22,175 MiB,178 MiB,98.3,178 MiB,98.3,,
RS01SBPS-SF01A-3B-OPTAAD101,2026-06-29,175 MiB,178 MiB,98.3,178 MiB,98.3,,
RS01SBPS-SF01A-3B-OPTAAD101,2026-07-06,175 MiB,178 MiB,98.3,178 MiB,98.3,,
RS01SBPS-SF01A-3B-OPTAAD101,2026-07-13,175 MiB,178 MiB,98.3,178 MiB,98.3,,
RS01SBPS-SF01A-3B-OPTAAD101,2026-07-20,150 MiB,178 MiB,84.3,178 MiB,84.3,,
RS01SBPS-SF01A-3B-OPTAAD101,2026-07-27,166 MiB,178 MiB,93.3,178 MiB,93.3,,
RS01SBPS-SF01A-3B-OPTAAD101,2026-08-03,177 MiB,178 MiB,99.4,178 MiB,99.4,,
CE04OSPS-SF01B-3B-OPTAAD105,2026-05-11,168 MiB,168 MiB,100.0,168 MiB,100.0,,
CE04OSPS-SF01B-3B-OPTAAD105,2026-05-18,168 MiB,168 MiB,100.0,168 MiB,100.0,,
CE04OSPS-SF01B-3B-OPTAAD105,2026-05-25,168 MiB,168 MiB,100.0,168 MiB,100.0,,
CE04OSPS-SF01B-3B-OPTAAD105,2026-06-01,168 MiB,168 MiB,100.0,168 MiB,100.0,,
CE04OSPS-SF01B-3B-OPTAAD105,2026-06-08,168 MiB,168 MiB,100.0,168 MiB,100.0,,
CE04OSPS-SF01B-3B-OPTAAD105,2026-06-15,168 MiB,168 MiB,100.0,168 MiB,100.0,,
CE04OSPS-SF01B-3B-OPTAAD105,2026-06-22,168 MiB,168 MiB,100.0,168 MiB,100.0,,
CE04OSPS-SF01B-3B-OPTAAD105,2026-06-29,168 MiB,168 MiB,100.0,168 MiB,100.0,,
CE04OSPS-SF01B-3B-OPTAAD105,2026-07-06,168 MiB,168 MiB,100.0,168 MiB,100.0,,
CE04OSPS-SF01B-3B-OPTAAD105,2026-07-13,168 MiB,168 MiB,100.0,168 MiB,100.0,,
CE04OSPS-SF01B-3B-OPTAAD105,2026-07-20,168 MiB,168 MiB,100.0,168 MiB,100.0,,
CE04OSPS-SF01B-3B-OPTAAD105,2026-07-27,168 MiB,168 MiB,100.0,168 MiB,100.0,,
CE04OSPS-SF01B-3B-OPTAAD105,2026-08-03,168 MiB,168 MiB,100.0,168 MiB,100.0,,
CE02SHBP-LJ01D-08-OPTAAD106,2026-05-11,0 bytes,0 bytes,,91 MiB,0.0,,
CE02SHBP-LJ01D-08-OPTAAD106,2026-05-18,0 bytes,0 bytes,,91 MiB,0.0,,
CE02SHBP-LJ01D-08-OPTAAD106,2026-05-25,0 bytes,0 bytes,,91 MiB,0.0,,
CE02SHBP-LJ01D-08-OPTAAD106,2026-06-01,0 bytes,0 bytes,,91 MiB,0.0,,
CE02SHBP-LJ01D-08-OPTAAD106,2026-06-08,0 bytes,0 bytes,,91 MiB,0.0,,
CE02SHBP-LJ01D-08-OPTAAD106,2026-06-15,0 bytes,0 bytes,,91 MiB,0.0,,
CE02SHBP-LJ01D-08-OPTAAD106,2026-06-22,0 bytes,0 bytes,,91 MiB,0.0,,
CE02SHBP-LJ01D-08-OPTAAD106,2026-06-29,0 bytes,0 bytes,,91 MiB,0.0,,
CE02SHBP-LJ01D-08-OPTAAD106,2026-07-06,0 bytes,0 bytes,,91 MiB,0.0,,
CE02SHBP-LJ01D-08-OPTAAD106,2026-07-13,0 bytes,0 bytes,,91 MiB,0.0,,
CE02SHBP-LJ01D-08-OPTAAD106,2026-07-20,0 bytes,0 bytes,,91 MiB,0.0,,
CE02SHBP-LJ01D-08-OPTAAD106,2026-07-27,0 bytes,0 bytes,,91 MiB,0.0,,
CE02SHBP-LJ01D-08-OPTAAD106,2026-08-03,0 bytes,0 bytes,,91 MiB,0.0,,
RS03AXPS-SF03A-3B-OPTAAD301,2026-05-11,168 MiB,168 MiB,100.0,168 MiB,100.0,,
RS03AXPS-SF03A-3B-OPTAAD301,2026-05-18,168 MiB,168 MiB,100.0,168 MiB,100.0,,
RS03AXPS-SF03A-3B-OPTAAD301,2026-05-25,168 MiB,168 MiB,100.0,168 MiB,100.0,,
RS03AXPS-SF03A-3B-OPTAAD301,2026-06-01,168 MiB,168 MiB,100.0,168 MiB,100.0,,
RS03AXPS-SF03A-3B-OPTAAD301,2026-06-08,168 MiB,168 MiB,100.0,168 MiB,100.0,,
RS03AXPS-SF03A-3B-OPTAAD301,2026-06-15,168 MiB,168 MiB,100.0,168 MiB,100.0,,
RS03AXPS-SF03A-3B-OPTAAD301,2026-06-22,168 MiB,168 MiB,100.0,168 MiB,100.0,,
RS03AXPS-SF03A-3B-OPTAAD301,2026-06-29,168 MiB,168 MiB,100.0,168 MiB,100.0,,
RS03AXPS-SF03A-3B-OPTAAD301,2026-07-06,168 MiB,168 MiB,100.0,168 MiB,100.0,,
RS03AXPS-SF03A-3B-OPTAAD301,2026-07-13,168 MiB,168 MiB,100.0,168 MiB,100.0,,
RS03AXPS-SF03A-3B-OPTAAD301,2026-07-20,168 MiB,168 MiB,100.0,168 MiB,100.0,,
RS03AXPS-SF03A-3B-OPTAAD301,2026-07-27,168 MiB,168 MiB,100.0,168 MiB,100.0,,
RS03AXPS-SF03A-3B-OPTAAD301,2026-08-03,168 MiB,168 MiB,100.0,168 MiB,100.0,,
RS01SBPS-SF01A-3C-PARADA101,2026-05-11,70 MiB,70 MiB,100.0,70 MiB,100.0,,
RS01SBPS-SF01A-3C-PARADA101,2026-05-18,70 MiB,70 MiB,100.0,70 MiB,100.0,,
RS01SBPS-SF01A-3C-PARADA101,2026-05-25,70 MiB,70 MiB,100.0,70 MiB,100.0,,
RS01SBPS-SF01A-3C-PARADA101,2026-06-01,70 MiB,70 MiB,100.0,70 MiB,100.0,,
RS01SBPS-SF01A-3C-PARADA101,2026-06-08,70 MiB,70 MiB,100.0,70 MiB,100.0,,
RS01SBPS-SF01A-3C-PARADA101,2026-06-15,70 MiB,70 MiB,100.0,70 MiB,100.0,,
RS01SBPS-SF01A-3C-PARADA101,2026-06-22,70 MiB,70 MiB,100.0,70 MiB,100.0,,
RS01SBPS-SF01A-3C-PARADA101,2026-06-29,70 MiB,70 MiB,100.0,70 MiB,100.0,,
RS01SBPS-SF01A-3C-PARADA101,2026-07-06,70 MiB,70 MiB,100.0,70 MiB,100.0,,
RS01SBPS-SF01A-3C-PARADA101,2026-07-13,70 MiB,70 MiB,100.0,70 MiB,100.0,,
RS01SBPS-SF01A-3C-PARADA101,2026-07-20,59.5 MiB,70 MiB,85.0,70 MiB,85.0,,
RS01SBPS-SF01A-3C-PARADA101,2026-07-27,63 MiB,70 MiB,90.0,70 MiB,90.0,,
RS01SBPS-SF01A-3C-PARADA101,2026-08-03,70 MiB,70 MiB,100.0,70 MiB,100.0,,
CE04OSPS-SF01B-3C-PARADA102,2026-05-11,70 MiB,70 MiB,100.0,70 MiB,100.0,,
CE04OSPS-SF01B-3C-PARADA102,2026-05-18,70 MiB,70 MiB,100.0,70 MiB,100.0,,
CE04OSPS-SF01B-3C-PARADA102,2026-05-25,70 MiB,70 MiB,100.0,70 MiB,100.0,,
CE04OSPS-SF01B-3C-PARADA102,2026-06-01,70 MiB,70 MiB,100.0,70 MiB,100.0,,
CE04OSPS-SF01B-3C-PARADA102,2026-06-08,70 MiB,70 MiB,100.0,70 MiB,100.0,,
CE04OSPS-SF01B-3C-PARADA102,2026-06-15,70 MiB,70 MiB,100.0,70 MiB,100.0,,
CE04OSPS-SF01B-3C-PARADA102,2026-06-22,70 MiB,70 MiB,100.0,70 MiB,100.0,,
CE04OSPS-SF01B-3C-PARADA102,2026-06-29,70 MiB,70 MiB,100.0,70 MiB,100.0,,
CE04OSPS-SF01B-3C-PARADA102,2026-07-06,70 MiB,70 MiB,100.0,70 MiB,100.0,,
CE04OSPS-SF01B-3C-PARADA102,2026-07-13,70 MiB,70 MiB,100.0,70 MiB,100.0,,
CE04OSPS-SF01B-3C-PARADA102,2026-07-20,70 MiB,70 MiB,100.0,70 MiB,100.0,,
CE04OSPS-SF01B-3C-PARADA102,2026-07-27,70 MiB,70 MiB,100.0,70 MiB,100.0,,
CE04OSPS-SF01B-3C-PARADA102,2026-08-03,70 MiB,70 MiB,100.0,70 MiB,100.0,,
RS03AXPS-SF03A-3C-PARADA301,2026-05-11,70 MiB,69.88 MiB,100.2,69.88 MiB,100.2,,
RS03AXPS-SF03A-3C-PARADA301,2026-05-18,70 MiB,69.88 MiB,100.2,69.88 MiB,100.2,,
RS03AXPS-SF03A-3C-PARADA301,2026-05-25,70 MiB,69.88 MiB,100.2,69.88 MiB,100.2,,
RS03AXPS-SF03A-3C-PARADA301,2026-06-01,70 MiB,69.88 MiB,100.2,69.88 MiB,100.2,,
RS03AXPS-SF03A-3C-PARADA301,2026-06-08,70 MiB,69.88 MiB,100.2,69.88 MiB,100.2,,
RS03AXPS-SF03A-3C-PARADA301,2026-06-15,70 MiB,69.88 MiB,100.2,69.88 MiB,100.2,,
RS03AXPS-SF03A-3C-PARADA301,2026-06-22,70 MiB,69.88 MiB,100.2,69.88 MiB,100.2,,
RS03AXPS-SF03A-3C-PARADA301,2026-06-29,70 MiB,69.88 MiB,100.2,69.88 MiB,100.2,,
RS03AXPS-SF03A-3C-PARADA301,2026-07-06,70 MiB,69.88 MiB,100.2,69.88 MiB,100.2,,
RS03AXPS-SF03A-3C-PARADA301,2026-07-13,70 MiB,69.88 MiB,100.2,69.88 MiB,100.2,,
RS03AXPS-SF03A-3C-PARADA301,2026-07-20,70 MiB,69.88 MiB,100.2,69.88 MiB,100.2,,
RS03AXPS-SF03A-3C-PARADA301,2026-07-27,70 MiB,69.88 MiB,100.2,69.88 MiB,100.2,,
RS03AXPS-SF03A-3C-PARADA301,2026-08-03,70 MiB,69.88 MiB,100.2,69.88 MiB,100.2,,
RS01SBPS-SF01A-4F-PCO2WA101,2026-05-11,32.1 KiB,32.27 KiB,99.5,32.27 KiB,99.5,55.9,
RS01SBPS-SF01A-4F-PCO2WA101,2026-05-18,32.2 KiB,32.27 KiB,99.8,32.27 KiB,99.8,35.6,
RS01SBPS-SF01A-4F-PCO2WA101,2026-05-25,32 KiB,32.27 KiB,99.2,32.27 KiB,99.2,13.2,
RS01SBPS-SF01A-4F-PCO2WA101,2026-06-01,31.7 KiB,32.27 KiB,98.2,32.27 KiB,98.2,8.5,
RS01SBPS-SF01A-4F-PCO2WA101,2026-06-08,32.1 KiB,32.27 KiB,99.5,32.27 KiB,99.5,56.8,
RS01SBPS-SF01A-4F-PCO2WA101,2026-06-15,32.2 KiB,32.27 KiB,99.8,32.27 KiB,99.8,64.0,
RS01SBPS-SF01A-4F-PCO2WA101,2026-06-22,32.5 KiB,32.27 KiB,100.7,32.27 KiB,100.7,42.0,
RS01SBPS-SF01A-4F-PCO2WA101,2026-06-29,32.4 KiB,32.27 KiB,100.4,32.27 KiB,100.4,72.1,
RS01SBPS-SF01A-4F-PCO2WA101,2026-07-06,32.3 KiB,32.27 KiB,100.1,32.27 KiB,100.1,59.0,
RS01SBPS-SF01A-4F-PCO2WA101,2026-07-13,30.4 KiB,32.27 KiB,94.2,32.27 KiB,94.2,46.8,
RS01SBPS-SF01A-4F-PCO2WA101,2026-07-20,27.3 KiB,32.27 KiB,84.6,32.27 KiB,84.6,59.9,
RS01SBPS-SF01A-4F-PCO2WA101,2026-07-27,28.67 KiB,32.27 KiB,88.8,32.27 KiB,88.8,65.5,
RS01SBPS-SF01A-4F-PCO2WA101,2026-08-03,32.4 KiB,32.27 KiB,100.4,32.27 KiB,100.4,79.0,
CE04OSPS-SF01B-4F-PCO2WA102,2026-05-11,32.3 KiB,33.29 KiB,97.0,33.29 KiB,97.0,100.0,
CE04OSPS-SF01B-4F-PCO2WA102,2026-05-18,32.1 KiB,33.29 KiB,96.4,33.29 KiB,96.4,100.0,
CE04OSPS-SF01B-4F-PCO2WA102,2026-05-25,32.4 KiB,33.29 KiB,97.3,33.29 KiB,97.3,87.3,
CE04OSPS-SF01B-4F-PCO2WA102,2026-06-01,32.4 KiB,33.29 KiB,97.3,33.29 KiB,97.3,41.9,
CE04OSPS-SF01B-4F-PCO2WA102,2026-06-08,32.4 KiB,33.29 KiB,97.3,33.29 KiB,97.3,36.6,
CE04OSPS-SF01B-4F-PCO2WA102,2026-06-15,32.2 KiB,33.29 KiB,96.7,33.29 KiB,96.7,16.2,
CE04OSPS-SF01B-4F-PCO2WA102,2026-06-22,32.4 KiB,33.29 KiB,97.3,33.29 KiB,97.3,81.3,
CE04OSPS-SF01B-4F-PCO2WA102,2026-06-29,32.5 KiB,33.29 KiB,97.6,33.29 KiB,97.6,19.6,
CE04OSPS-SF01B-4F-PCO2WA102,2026-07-06,32.5 KiB,33.29 KiB,97.6,33.29 KiB,97.6,16.6,
CE04OSPS-SF01B-4F-PCO2WA102,2026-07-13,32.4 KiB,33.29 KiB,97.3,33.29 KiB,97.3,64.9,
CE04OSPS-SF01B-4F-PCO2WA102,2026-07-20,32.4 KiB,33.29 KiB,97.3,33.29 KiB,97.3,19.1,
CE04OSPS-SF01B-4F-PCO2WA102,2026-07-27,32.7 KiB,33.29 KiB,98.2,33.29 KiB,98.2,1.7,
CE04OSPS-SF01B-4F-PCO2WA102,2026-08-03,32.2 KiB,33.29 KiB,96.7,33.29 KiB,96.7,32.0,
CE04OSPS-PC01B-4D-PCO2WA105,2026-05-11,67.9 KiB,68.06 KiB,99.8,68.06 KiB,99.8,100.0,
CE04OSPS-PC01B-4D-PCO2WA105,2026-05-18,67.7 KiB,68.06 KiB,99.5,68.06 KiB,99.5,100.0,
CE04OSPS-PC01B-4D-PCO2WA105,2026-05-25,68 KiB,68.06 KiB,99.9,68.06 KiB,99.9,100.0,
CE04OSPS-PC01B-4D-PCO2WA105,2026-06-01,68.1 KiB,68.06 KiB,100.1,68.06 KiB,100.1,100.0,
CE04OSPS-PC01B-4D-PCO2WA105,2026-06-08,67.7 KiB,68.06 KiB,99.5,68.06 KiB,99.5,100.0,
CE04OSPS-PC01B-4D-PCO2WA105,2026-06-15,68.1 KiB,68.06 KiB,100.1,68.06 KiB,100.1,100.0,
CE04OSPS-PC01B-4D-PCO2WA105,2026-06-22,67.9 KiB,68.06 KiB,99.8,68.06 KiB,99.8,100.0,
CE04OSPS-PC01B-4D-PCO2WA105,2026-06-29,67.8 KiB,68.06 KiB,99.6,68.06 KiB,99.6,100.0,
CE04OSPS-PC01B-4D-PCO2WA105,2026-07-06,68.1 KiB,68.06 KiB,100.1,68.06 KiB,100.1,100.0,
CE04OSPS-PC01B-4D-PCO2WA105,2026-07-13,67.9 KiB,68.06 KiB,99.8,68.06 KiB,99.8,100.0,
CE04OSPS-PC01B-4D-PCO2WA105,2026-07-20,67.9 KiB,68.06 KiB,99.8,68.06 KiB,99.8,100.0,
CE04OSPS-PC01B-4D-PCO2WA105,2026-07-27,68.2 KiB,68.06 KiB,100.2,68.06 KiB,100.2,100.0,
CE04OSPS-PC01B-4D-PCO2WA105,2026-08-03,68.2 KiB,68.06 KiB,100.2,68.06 KiB,100.2,100.0,
RS03AXPS-SF03A-4F-PCO2WA301,2026-05-11,32.2 KiB,31.71 KiB,101.5,31.71 KiB,101.5,64.2,
RS03AXPS-SF03A-4F-PCO2WA301,2026-05-18,31.5 KiB,31.71 KiB,99.3,31.71 KiB,99.3,80.5,
RS03AXPS-SF03A-4F-PCO2WA301,2026-05-25,30.7 KiB,31.71 KiB,96.8,31.71 KiB,96.8,100.0,
RS03AXPS-SF03A-4F-PCO2WA301,2026-06-01,31 KiB,31.71 KiB,97.8,31.71 KiB,97.8,82.6,
RS03AXPS-SF03A-4F-PCO2WA301,2026-06-08,31.1 KiB,31.71 KiB,98.1,31.71 KiB,98.1,83.9,
RS03AXPS-SF03A-4F-PCO2WA301,2026-06-15,31.2 KiB,31.71 KiB,98.4,31.71 KiB,98.4,64.1,
RS03AXPS-SF03A-4F-PCO2WA301,2026-06-22,30.8 KiB,31.71 KiB,97.1,31.71 KiB,97.1,61.6,
RS03AXPS-SF03A-4F-PCO2WA301,2026-06-29,30.5 KiB,31.71 KiB,96.2,31.71 KiB,96.2,78.7,
RS03AXPS-SF03A-4F-PCO2WA301,2026-07-06,31.4 KiB,31.71 KiB,99.0,31.71 KiB,99.0,83.4,
RS03AXPS-SF03A-4F-PCO2WA301,2026-07-13,30.5 KiB,31.71 KiB,96.2,31.71 KiB,96.2,88.4,
RS03AXPS-SF03A-4F-PCO2WA301,2026-07-20,31.8 KiB,31.71 KiB,100.3,31.71 KiB,100.3,60.6,
RS03AXPS-SF03A-4F-PCO2WA301,2026-07-27,30.1 KiB,31.71 KiB,94.9,31.71 KiB,94.9,59.1,
RS03AXPS-SF03A-4F-PCO2WA301,2026-08-03,31 KiB,31.71 KiB,97.8,31.71 KiB,97.8,66.1,
CE02SHBP-LJ01D-09-PCO2WB103,2026-05-11,67.3 KiB,67.59 KiB,99.6,67.59 KiB,99.6,100.0,
CE02SHBP-LJ01D-09-PCO2WB103,2026-05-18,67.5 KiB,67.59 KiB,99.9,67.59 KiB,99.9,100.0,
CE02SHBP-LJ01D-09-PCO2WB103,2026-05-25,67.5 KiB,67.59 KiB,99.9,67.59 KiB,99.9,100.0,
CE02SHBP-LJ01D-09-PCO2WB103,2026-06-01,67.4 KiB,67.59 KiB,99.7,67.59 KiB,99.7,100.0,
CE02SHBP-LJ01D-09-PCO2WB103,2026-06-08,67.5 KiB,67.59 KiB,99.9,67.59 KiB,99.9,100.0,
CE02SHBP-LJ01D-09-PCO2WB103,2026-06-15,67.5 KiB,67.59 KiB,99.9,67.59 KiB,99.9,100.0,
CE02SHBP-LJ01D-09-PCO2WB103,2026-06-22,67.4 KiB,67.59 KiB,99.7,67.59 KiB,99.7,100.0,
CE02SHBP-LJ01D-09-PCO2WB103,2026-06-29,67.6 KiB,67.59 KiB,100.0,67.59 KiB,100.0,100.0,
CE02SHBP-LJ01D-09-PCO2WB103,2026-07-06,68.1 KiB,67.59 KiB,100.7,67.59 KiB,100.7,100.0,
CE02SHBP-LJ01D-09-PCO2WB103,2026-07-13,67.9 KiB,67.59 KiB,100.5,67.59 KiB,100.5,100.0,
CE02SHBP-LJ01D-09-PCO2WB103,2026-07-20,68 KiB,67.59 KiB,100.6,67.59 KiB,100.6,100.0,
CE02SHBP-LJ01D-09-PCO2WB103,2026-07-27,68 KiB,67.59 KiB,100.6,67.59 KiB,100.6,100.0,
CE02SHBP-LJ01D-09-PCO2WB103,2026-08-03,67.9 KiB,67.59 KiB,100.5,67.59 KiB,100.5,100.0,
CE04OSBP-LJ01C-09-PCO2WB104,2026-05-11,68.3 KiB,67.71 KiB,100.9,67.71 KiB,100.9,100.0,
CE04OSBP-LJ01C-09-PCO2WB104,2026-05-18,68.5 KiB,67.71 KiB,101.2,67.71 KiB,101.2,100.0,
CE04OSBP-LJ01C-09-PCO2WB104,2026-05-25,68.4 KiB,67.71 KiB,101.0,67.71 KiB,101.0,100.0,
CE04OSBP-LJ01C-09-PCO2WB104,2026-06-01,67.7 KiB,67.71 KiB,100.0,67.71 KiB,100.0,100.0,
CE04OSBP-LJ01C-09-PCO2WB104,2026-06-08,67.2 KiB,67.71 KiB,99.2,67.71 KiB,99.2,100.0,
CE04OSBP-LJ01C-09-PCO2WB104,2026-06-15,67.5 KiB,67.71 KiB,99.7,67.71 KiB,99.7,100.0,
CE04OSBP-LJ01C-09-PCO2WB104,2026-06-22,67.4 KiB,67.71 KiB,99.5,67.71 KiB,99.5,100.0,
CE04OSBP-LJ01C-09-PCO2WB104,2026-06-29,67.6 KiB,67.71 KiB,99.8,67.71 KiB,99.8,100.0,
CE04OSBP-LJ01C-09-PCO2WB104,2026-07-06,68.2 KiB,67.71 KiB,100.7,67.71 KiB,100.7,100.0,
CE04OSBP-LJ01C-09-PCO2WB104,2026-07-13,67.9 KiB,67.71 KiB,100.3,67.71 KiB,100.3,100.0,
CE04OSBP-LJ01C-09-PCO2WB104,2026-07-20,67.3 KiB,67.71 KiB,99.4,67.71 KiB,99.4,100.0,
CE04OSBP-LJ01C-09-PCO2WB104,2026-07-27,67.5 KiB,67.71 KiB,99.7,67.71 KiB,99.7,100.0,
CE04OSBP-LJ01C-09-PCO2WB104,2026-08-03,67.5 KiB,67.71 KiB,99.7,67.71 KiB,99.7,100.0,
RS01SBPS-SF01A-2D-PHSENA101,2026-05-11,215 KiB,216.53 KiB,99.3,216.53 KiB,99.3,97.8,
RS01SBPS-SF01A-2D-PHSENA101,2026-05-18,215 KiB,216.53 KiB,99.3,216.53 KiB,99.3,100.0,
RS01SBPS-SF01A-2D-PHSENA101,2026-05-25,215 KiB,216.53 KiB,99.3,216.53 KiB,99.3,98.3,
RS01SBPS-SF01A-2D-PHSENA101,2026-06-01,211 KiB,216.53 KiB,97.4,216.53 KiB,97.4,99.1,
RS01SBPS-SF01A-2D-PHSENA101,2026-06-08,217 KiB,216.53 KiB,100.2,216.53 KiB,100.2,99.1,
RS01SBPS-SF01A-2D-PHSENA101,2026-06-15,215 KiB,216.53 KiB,99.3,216.53 KiB,99.3,98.3,
RS01SBPS-SF01A-2D-PHSENA101,2026-06-22,218 KiB,216.53 KiB,100.7,216.53 KiB,100.7,99.1,
RS01SBPS-SF01A-2D-PHSENA101,2026-06-29,217 KiB,216.53 KiB,100.2,216.53 KiB,100.2,97.8,
RS01SBPS-SF01A-2D-PHSENA101,2026-07-06,216 KiB,216.53 KiB,99.8,216.53 KiB,99.8,95.7,
RS01SBPS-SF01A-2D-PHSENA101,2026-07-13,204 KiB,216.53 KiB,94.2,216.53 KiB,94.2,99.5,
RS01SBPS-SF01A-2D-PHSENA101,2026-07-20,183 KiB,216.53 KiB,84.5,216.53 KiB,84.5,98.5,
RS01SBPS-SF01A-2D-PHSENA101,2026-07-27,188.6 KiB,216.53 KiB,87.1,216.53 KiB,87.1,97.0,
RS01SBPS-SF01A-2D-PHSENA101,2026-08-03,216 KiB,216.53 KiB,99.8,216.53 KiB,99.8,98.3,
RS01SBPS-PC01A-4B-PHSENA102,2026-05-11,182 KiB,182 KiB,100.0,182 KiB,100.0,100.0,
RS01SBPS-PC01A-4B-PHSENA102,2026-05-18,182 KiB,182 KiB,100.0,182 KiB,100.0,100.0,
RS01SBPS-PC01A-4B-PHSENA102,2026-05-25,182 KiB,182 KiB,100.0,182 KiB,100.0,100.0,
RS01SBPS-PC01A-4B-PHSENA102,2026-06-01,182 KiB,182 KiB,100.0,182 KiB,100.0,100.0,
RS01SBPS-PC01A-4B-PHSENA102,2026-06-08,182 KiB,182 KiB,100.0,182 KiB,100.0,100.0,
RS01SBPS-PC01A-4B-PHSENA102,2026-06-15,182 KiB,182 KiB,100.0,182 KiB,100.0,100.0,
RS01SBPS-PC01A-4B-PHSENA102,2026-06-22,182 KiB,182 KiB,100.0,182 KiB,100.0,100.0,
RS01SBPS-PC01A-4B-PHSENA102,2026-06-29,182 KiB,182 KiB,100.0,182 KiB,100.0,100.0,
RS01SBPS-PC01A-4B-PHSENA102,2026-07-06,182 KiB,182 KiB,100.0,182 KiB,100.0,100.0,
RS01SBPS-PC01A-4B-PHSENA102,2026-07-13,182 KiB,182 KiB,100.0,182 KiB,100.0,100.0,
RS01SBPS-PC01A-4B-PHSENA102,2026-07-20,182 KiB,182 KiB,100.0,182 KiB,100.0,100.0,
RS01SBPS-PC01A-4B-PHSENA102,2026-07-27,182 KiB,182 KiB,100.0,182 KiB,100.0,100.0,
RS01SBPS-PC01A-4B-PHSENA102,2026-08-03,182 KiB,182 KiB,100.0,182 KiB,100.0,100.0,
CE04OSPS-PC01B-4B-PHSENA106,2026-05-11,0 bytes,0 bytes,,182 KiB,0.0,,
CE04OSPS-PC01B-4B-PHSENA106,2026-05-18,0 bytes,0 bytes,,182 KiB,0.0,,
CE04OSPS-PC01B-4B-PHSENA106,2026-05-25,0 bytes,0 bytes,,182 KiB,0.0,,
CE04OSPS-PC01B-4B-PHSENA106,2026-06-01,0 bytes,0 bytes,,182 KiB,0.0,,
CE04OSPS-PC01B-4B-PHSENA106,2026-06-08,0 bytes,0 bytes,,182 KiB,0.0,,
CE04OSPS-PC01B-4B-PHSENA106,2026-06-15,0 bytes,0 bytes,,182 KiB,0.0,,
CE04OSPS-PC01B-4B-PHSENA106,2026-06-22,0 bytes,0 bytes,,182 KiB,0.0,,
CE04OSPS-PC01B-4B-PHSENA106,2026-06-29,0 bytes,0 bytes,,182 KiB,0.0,,
CE04OSPS-PC01B-4B-PHSENA106,2026-07-06,0 bytes,0 bytes,,182 KiB,0.0,,
CE04OSPS-PC01B-4B-PHSENA106,2026-07-13,0 bytes,0 bytes,,182 KiB,0.0,,
CE04OSPS-PC01B-4B-PHSENA106,2026-07-20,0 bytes,0 bytes,,182 KiB,0.0,,
CE04OSPS-PC01B-4B-PHSENA106,2026-07-27,0 bytes,0 bytes,,182 KiB,0.0,,
CE04OSPS-PC01B-4B-PHSENA106,2026-08-03,0 bytes,0 bytes,,182 KiB,0.0,,
CE04OSPS-SF01B-2B-PHSENA108,2026-05-11,217 KiB,224.93 KiB,96.5,224.93 KiB,96.5,20.0,
CE04OSPS-SF01B-2B-PHSENA108,2026-05-18,217 KiB,224.93 KiB,96.5,224.93 KiB,96.5,13.6,
CE04OSPS-SF01B-2B-PHSENA108,2026-05-25,217 KiB,224.93 KiB,96.5,224.93 KiB,96.5,18.8,
CE04OSPS-SF01B-2B-PHSENA108,2026-06-01,217 KiB,224.93 KiB,96.5,224.93 KiB,96.5,24.7,
CE04OSPS-SF01B-2B-PHSENA108,2026-06-08,219 KiB,224.93 KiB,97.4,224.93 KiB,97.4,23.2,
CE04OSPS-SF01B-2B-PHSENA108,2026-06-15,216 KiB,224.93 KiB,96.0,224.93 KiB,96.0,19.1,
CE04OSPS-SF01B-2B-PHSENA108,2026-06-22,217 KiB,224.93 KiB,96.5,224.93 KiB,96.5,27.3,
CE04OSPS-SF01B-2B-PHSENA108,2026-06-29,217 KiB,224.93 KiB,96.5,224.93 KiB,96.5,27.3,
CE04OSPS-SF01B-2B-PHSENA108,2026-07-06,217 KiB,224.93 KiB,96.5,224.93 KiB,96.5,31.6,
CE04OSPS-SF01B-2B-PHSENA108,2026-07-13,218 KiB,224.93 KiB,96.9,224.93 KiB,96.9,33.2,
CE04OSPS-SF01B-2B-PHSENA108,2026-07-20,217 KiB,224.93 KiB,96.5,224.93 KiB,96.5,37.7,
CE04OSPS-SF01B-2B-PHSENA108,2026-07-27,217 KiB,224.93 KiB,96.5,224.93 KiB,96.5,42.4,
CE04OSPS-SF01B-2B-PHSENA108,2026-08-03,218 KiB,224.93 KiB,96.9,224.93 KiB,96.9,53.4,
RS03AXPS-SF03A-2D-PHSENA301,2026-05-11,214 KiB,213.27 KiB,100.3,213.27 KiB,100.3,100.0,
RS03AXPS-SF03A-2D-PHSENA301,2026-05-18,212 KiB,213.27 KiB,99.4,213.27 KiB,99.4,100.0,
RS03AXPS-SF03A-2D-PHSENA301,2026-05-25,206 KiB,213.27 KiB,96.6,213.27 KiB,96.6,100.0,
RS03AXPS-SF03A-2D-PHSENA301,2026-06-01,207 KiB,213.27 KiB,97.1,213.27 KiB,97.1,100.0,
RS03AXPS-SF03A-2D-PHSENA301,2026-06-08,210 KiB,213.27 KiB,98.5,213.27 KiB,98.5,100.0,
RS03AXPS-SF03A-2D-PHSENA301,2026-06-15,210 KiB,213.27 KiB,98.5,213.27 KiB,98.5,100.0,
RS03AXPS-SF03A-2D-PHSENA301,2026-06-22,207 KiB,213.27 KiB,97.1,213.27 KiB,97.1,100.0,
RS03AXPS-SF03A-2D-PHSENA301,2026-06-29,203 KiB,213.27 KiB,95.2,213.27 KiB,95.2,100.0,
RS03AXPS-SF03A-2D-PHSENA301,2026-07-06,210 KiB,213.27 KiB,98.5,213.27 KiB,98.5,100.0,
RS03AXPS-SF03A-2D-PHSENA301,2026-07-13,203 KiB,213.27 KiB,95.2,213.27 KiB,95.2,100.0,
RS03AXPS-SF03A-2D-PHSENA301,2026-07-20,213 KiB,213.27 KiB,99.9,213.27 KiB,99.9,100.0,
RS03AXPS-SF03A-2D-PHSENA301,2026-07-27,202 KiB,213.27 KiB,94.7,213.27 KiB,94.7,100.0,
RS03AXPS-SF03A-2D-PHSENA301,2026-08-03,208 KiB,213.27 KiB,97.5,213.27 KiB,97.5,100.0,
RS03AXPS-PC03A-4B-PHSENA302,2026-05-11,182 KiB,182 KiB,100.0,182 KiB,100.0,100.0,
RS03AXPS-PC03A-4B-PHSENA302,2026-05-18,182 KiB,182 KiB,100.0,182 KiB,100.0,100.0,
RS03AXPS-PC03A-4B-PHSENA302,2026-05-25,182 KiB,182 KiB,100.0,182 KiB,100.0,100.0,
RS03AXPS-PC03A-4B-PHSENA302,2026-06-01,182 KiB,182 KiB,100.0,182 KiB,100.0,100.0,
RS03AXPS-PC03A-4B-PHSENA302,2026-06-08,182 KiB,182 KiB,100.0,182 KiB,100.0,100.0,
RS03AXPS-PC03A-4B-PHSENA302,2026-06-15,182 KiB,182 KiB,100.0,182 KiB,100.0,100.0,
RS03AXPS-PC03A-4B-PHSENA302,2026-06-22,182 KiB,182 KiB,100.0,182 KiB,100.0,100.0,
RS03AXPS-PC03A-4B-PHSENA302,2026-06-29,182 KiB,182 KiB,100.0,182 KiB,100.0,100.0,
RS03AXPS-PC03A-4B-PHSENA302,2026-07-06,182 KiB,182 KiB,100.0,182 KiB,100.0,100.0,
RS03AXPS-PC03A-4B-PHSENA302,2026-07-13,182 KiB,182 KiB,100.0,182 KiB,100.0,100.0,
RS03AXPS-PC03A-4B-PHSENA302,2026-07-20,182 KiB,182 KiB,100.0,182 KiB,100.0,100.0,
RS03AXPS-PC03A-4B-PHSENA302,2026-07-27,182 KiB,182 KiB,100.0,182 KiB,100.0,100.0,
RS03AXPS-PC03A-4B-PHSENA302,2026-08-03,182 KiB,182 KiB,100.0,182 KiB,100.0,100.0,
CE04OSBP-LJ01C-10-PHSEND107,2026-05-11,182 KiB,182 KiB,100.0,182 KiB,100.0,89.9,
CE04OSBP-LJ01C-10-PHSEND107,2026-05-18,182 KiB,182 KiB,100.0,182 KiB,100.0,93.9,
CE04OSBP-LJ01C-10-PHSEND107,2026-05-25,182 KiB,182 KiB,100.0,182 KiB,100.0,94.6,
CE04OSBP-LJ01C-10-PHSEND107,2026-06-01,182 KiB,182 KiB,100.0,182 KiB,100.0,88.7,
CE04OSBP-LJ01C-10-PHSEND107,2026-06-08,182 KiB,182 KiB,100.0,182 KiB,100.0,95.8,
CE04OSBP-LJ01C-10-PHSEND107,2026-06-15,182 KiB,182 KiB,100.0,182 KiB,100.0,92.3,
CE04OSBP-LJ01C-10-PHSEND107,2026-06-22,182 KiB,182 KiB,100.0,182 KiB,100.0,91.7,
CE04OSBP-LJ01C-10-PHSEND107,2026-06-29,182 KiB,182 KiB,100.0,182 KiB,100.0,92.3,
CE04OSBP-LJ01C-10-PHSEND107,2026-07-06,182 KiB,182 KiB,100.0,182 KiB,100.0,92.9,
CE04OSBP-LJ01C-10-PHSEND107,2026-07-13,182 KiB,182 KiB,100.0,182 KiB,100.0,91.1,
CE04OSBP-LJ01C-10-PHSEND107,2026-07-20,182 KiB,182 KiB,100.0,182 KiB,100.0,93.5,
CE04OSBP-LJ01C-10-PHSEND107,2026-07-27,182 KiB,182 KiB,100.0,182 KiB,100.0,88.7,
CE04OSBP-LJ01C-10-PHSEND107,2026-08-03,182 KiB,182 KiB,100.0,182 KiB,100.0,95.2,
CE04OSPS-PC01B-4C-PHSENH109,2026-05-11,140 KiB,140 KiB,100.0,140 KiB,100.0,,
CE04OSPS-PC01B-4C-PHSENH109,2026-05-18,140 KiB,140 KiB,100.0,140 KiB,100.0,,
CE04OSPS-PC01B-4C-PHSENH109,2026-05-25,141 KiB,140 KiB,100.7,140 KiB,100.7,,
CE04OSPS-PC01B-4C-PHSENH109,2026-06-01,142 KiB,140 KiB,101.4,140 KiB,101.4,,
CE04OSPS-PC01B-4C-PHSENH109,2026-06-08,140 KiB,140 KiB,100.0,140 KiB,100.0,,
CE04OSPS-PC01B-4C-PHSENH109,2026-06-15,140 KiB,140 KiB,100.0,140 KiB,100.0,,
CE04OSPS-PC01B-4C-PHSENH109,2026-06-22,140 KiB,140 KiB,100.0,140 KiB,100.0,,
CE04OSPS-PC01B-4C-PHSENH109,2026-06-29,141 KiB,140 KiB,100.7,140 KiB,100.7,,
CE04OSPS-PC01B-4C-PHSENH109,2026-07-06,140 KiB,140 KiB,100.0,140 KiB,100.0,,
CE04OSPS-PC01B-4C-PHSENH109,2026-07-13,140 KiB,140 KiB,100.0,140 KiB,100.0,,
CE04OSPS-PC01B-4C-PHSENH109,2026-07-20,140 KiB,140 KiB,100.0,140 KiB,100.0,,
CE04OSPS-PC01B-4C-PHSENH109,2026-07-27,140 KiB,140 KiB,100.0,140 KiB,100.0,,
CE04OSPS-PC01B-4C-PHSENH109,2026-08-03,140 KiB,140 KiB,100.0,140 KiB,100.0,,
CE02SHBP-LJ01D-10-PHSENH110,2026-05-11,140 KiB,140 KiB,100.0,140 KiB,100.0,,
CE02SHBP-LJ01D-10-PHSENH110,2026-05-18,140 KiB,140 KiB,100.0,140 KiB,100.0,,
CE02SHBP-LJ01D-10-PHSENH110,2026-05-25,140 KiB,140 KiB,100.0,140 KiB,100.0,,
CE02SHBP-LJ01D-10-PHSENH110,2026-06-01,140 KiB,140 KiB,100.0,140 KiB,100.0,,
CE02SHBP-LJ01D-10-PHSENH110,2026-06-08,140 KiB,140 KiB,100.0,140 KiB,100.0,,
CE02SHBP-LJ01D-10-PHSENH110,2026-06-15,140 KiB,140 KiB,100.0,140 KiB,100.0,,
CE02SHBP-LJ01D-10-PHSENH110,2026-06-22,140 KiB,140 KiB,100.0,140 KiB,100.0,,
CE02SHBP-LJ01D-10-PHSENH110,2026-06-29,140 KiB,140 KiB,100.0,140 KiB,100.0,,
CE02SHBP-LJ01D-10-PHSENH110,2026-07-06,140 KiB,140 KiB,100.0,140 KiB,100.0,,
CE02SHBP-LJ01D-10-PHSENH110,2026-07-13,140 KiB,140 KiB,100.0,140 KiB,100.0,,
CE02SHBP-LJ01D-10-PHSENH110,2026-07-20,140 KiB,140 KiB,100.0,140 KiB,100.0,,
CE02SHBP-LJ01D-10-PHSENH110,2026-07-27,140 KiB,140 KiB,100.0,140 KiB,100.0,,
CE02SHBP-LJ01D-10-PHSENH110,2026-08-03,140 KiB,140 KiB,100.0,140 KiB,100.0,,
RS01SLBS-MJ01A-06-PRESTA101,2026-05-11,133 MiB,133 MiB,100.0,133 MiB,100.0,100.0,
RS01SLBS-MJ01A-06-PRESTA101,2026-05-18,133 MiB,133 MiB,100.0,133 MiB,100.0,100.0,
RS01SLBS-MJ01A-06-PRESTA101,2026-05-25,133 MiB,133 MiB,100.0,133 MiB,100.0,100.0,
RS01SLBS-MJ01A-06-PRESTA101,2026-06-01,133 MiB,133 MiB,100.0,133 MiB,100.0,100.0,
RS01SLBS-MJ01A-06-PRESTA101,2026-06-08,133 MiB,133 MiB,100.0,133 MiB,100.0,100.0,
RS01SLBS-MJ01A-06-PRESTA101,2026-06-15,133 MiB,133 MiB,100.0,133 MiB,100.0,100.0,
RS01SLBS-MJ01A-06-PRESTA101,2026-06-22,133 MiB,133 MiB,100.0,133 MiB,100.0,100.0,
RS01SLBS-MJ01A-06-PRESTA101,2026-06-29,133 MiB,133 MiB,100.0,133 MiB,100.0,100.0,
RS01SLBS-MJ01A-06-PRESTA101,2026-07-06,133 MiB,133 MiB,100.0,133 MiB,100.0,100.0,
RS01SLBS-MJ01A-06-PRESTA101,2026-07-13,133 MiB,133 MiB,100.0,133 MiB,100.0,100.0,
RS01SLBS-MJ01A-06-PRESTA101,2026-07-20,133 MiB,133 MiB,100.0,133 MiB,100.0,100.0,
RS01SLBS-MJ01A-06-PRESTA101,2026-07-27,133 MiB,133 MiB,100.0,133 MiB,100.0,100.0,
RS01SLBS-MJ01A-06-PRESTA101,2026-08-03,133 MiB,133 MiB,100.0,133 MiB,100.0,100.0,
RS03AXBS-MJ03A-06-PRESTA301,2026-05-11,7 MiB,8.4 MiB,83.3,8.4 MiB,83.3,100.0,
RS03AXBS-MJ03A-06-PRESTA301,2026-05-18,7 MiB,8.4 MiB,83.3,8.4 MiB,83.3,100.0,
RS03AXBS-MJ03A-06-PRESTA301,2026-05-25,7 MiB,8.4 MiB,83.3,8.4 MiB,83.3,100.0,
RS03AXBS-MJ03A-06-PRESTA301,2026-06-01,7 MiB,8.4 MiB,83.3,8.4 MiB,83.3,100.0,
RS03AXBS-MJ03A-06-PRESTA301,2026-06-08,7 MiB,8.4 MiB,83.3,8.4 MiB,83.3,100.0,
RS03AXBS-MJ03A-06-PRESTA301,2026-06-15,7 MiB,8.4 MiB,83.3,8.4 MiB,83.3,100.0,
RS03AXBS-MJ03A-06-PRESTA301,2026-06-22,7 MiB,8.4 MiB,83.3,8.4 MiB,83.3,100.0,
RS03AXBS-MJ03A-06-PRESTA301,2026-06-29,7 MiB,8.4 MiB,83.3,8.4 MiB,83.3,100.0,
RS03AXBS-MJ03A-06-PRESTA301,2026-07-06,7 MiB,8.4 MiB,83.3,8.4 MiB,83.3,100.0,
RS03AXBS-MJ03A-06-PRESTA301,2026-07-13,7 MiB,8.4 MiB,83.3,8.4 MiB,83.3,100.0,
RS03AXBS-MJ03A-06-PRESTA301,2026-07-20,7 MiB,8.4 MiB,83.3,8.4 MiB,83.3,100.0,
RS03AXBS-MJ03A-06-PRESTA301,2026-07-27,7 MiB,8.4 MiB,83.3,8.4 MiB,83.3,100.0,
RS03AXBS-MJ03A-06-PRESTA301,2026-08-03,7 MiB,8.4 MiB,83.3,8.4 MiB,83.3,100.0,
RS01SUM1-LJ01B-09-PRESTB102,2026-05-11,105 MiB,133 MiB,78.9,133 MiB,78.9,100.0,
RS01SUM1-LJ01B-09-PRESTB102,2026-05-18,105 MiB,133 MiB,78.9,133 MiB,78.9,100.0,
RS01SUM1-LJ01B-09-PRESTB102,2026-05-25,105 MiB,133 MiB,78.9,133 MiB,78.9,100.0,
RS01SUM1-LJ01B-09-PRESTB102,2026-06-01,105 MiB,133 MiB,78.9,133 MiB,78.9,100.0,
RS01SUM1-LJ01B-09-PRESTB102,2026-06-08,105 MiB,133 MiB,78.9,133 MiB,78.9,100.0,
RS01SUM1-LJ01B-09-PRESTB102,2026-06-15,105 MiB,133 MiB,78.9,133 MiB,78.9,100.0,
RS01SUM1-LJ01B-09-PRESTB102,2026-06-22,105 MiB,133 MiB,78.9,133 MiB,78.9,100.0,
RS01SUM1-LJ01B-09-PRESTB102,2026-06-29,105 MiB,133 MiB,78.9,133 MiB,78.9,100.0,
RS01SUM1-LJ01B-09-PRESTB102,2026-07-06,105 MiB,133 MiB,78.9,133 MiB,78.9,100.0,
RS01SUM1-LJ01B-09-PRESTB102,2026-07-13,105 MiB,133 MiB,78.9,133 MiB,78.9,100.0,
RS01SUM1-LJ01B-09-PRESTB102,2026-07-20,105 MiB,133 MiB,78.9,133 MiB,78.9,100.0,
RS01SUM1-LJ01B-09-PRESTB102,2026-07-27,105 MiB,133 MiB,78.9,133 MiB,78.9,100.0,
RS01SUM1-LJ01B-09-PRESTB102,2026-08-03,105 MiB,133 MiB,78.9,133 MiB,78.9,100.0,
RS01SBPS-SF01A-3D-SPKIRA101,2026-05-11,175 MiB,175 MiB,100.0,175 MiB,100.0,52.1,
RS01SBPS-SF01A-3D-SPKIRA101,2026-05-18,175 MiB,175 MiB,100.0,175 MiB,100.0,49.1,
RS01SBPS-SF01A-3D-SPKIRA101,2026-05-25,175 MiB,175 MiB,100.0,175 MiB,100.0,52.4,
RS01SBPS-SF01A-3D-SPKIRA101,2026-06-01,175 MiB,175 MiB,100.0,175 MiB,100.0,51.5,
RS01SBPS-SF01A-3D-SPKIRA101,2026-06-08,175 MiB,175 MiB,100.0,175 MiB,100.0,53.0,
RS01SBPS-SF01A-3D-SPKIRA101,2026-06-15,175 MiB,175 MiB,100.0,175 MiB,100.0,52.3,
RS01SBPS-SF01A-3D-SPKIRA101,2026-06-22,175 MiB,175 MiB,100.0,175 MiB,100.0,47.2,
RS01SBPS-SF01A-3D-SPKIRA101,2026-06-29,175 MiB,175 MiB,100.0,175 MiB,100.0,49.2,
RS01SBPS-SF01A-3D-SPKIRA101,2026-07-06,175 MiB,175 MiB,100.0,175 MiB,100.0,47.4,
RS01SBPS-SF01A-3D-SPKIRA101,2026-07-13,175 MiB,175 MiB,100.0,175 MiB,100.0,43.6,
RS01SBPS-SF01A-3D-SPKIRA101,2026-07-20,149 MiB,175 MiB,85.1,175 MiB,85.1,44.9,
RS01SBPS-SF01A-3D-SPKIRA101,2026-07-27,157.5 MiB,175 MiB,90.0,175 MiB,90.0,40.6,
RS01SBPS-SF01A-3D-SPKIRA101,2026-08-03,175 MiB,175 MiB,100.0,175 MiB,100.0,42.6,
CE04OSPS-SF01B-3D-SPKIRA102,2026-05-11,175 MiB,175 MiB,100.0,175 MiB,100.0,27.3,
CE04OSPS-SF01B-3D-SPKIRA102,2026-05-18,175 MiB,175 MiB,100.0,175 MiB,100.0,28.6,
CE04OSPS-SF01B-3D-SPKIRA102,2026-05-25,175 MiB,175 MiB,100.0,175 MiB,100.0,28.9,
CE04OSPS-SF01B-3D-SPKIRA102,2026-06-01,175 MiB,175 MiB,100.0,175 MiB,100.0,27.4,
CE04OSPS-SF01B-3D-SPKIRA102,2026-06-08,175 MiB,175 MiB,100.0,175 MiB,100.0,25.9,
CE04OSPS-SF01B-3D-SPKIRA102,2026-06-15,175 MiB,175 MiB,100.0,175 MiB,100.0,24.0,
CE04OSPS-SF01B-3D-SPKIRA102,2026-06-22,175 MiB,175 MiB,100.0,175 MiB,100.0,18.0,
CE04OSPS-SF01B-3D-SPKIRA102,2026-06-29,175 MiB,175 MiB,100.0,175 MiB,100.0,20.9,
CE04OSPS-SF01B-3D-SPKIRA102,2026-07-06,175 MiB,175 MiB,100.0,175 MiB,100.0,19.2,
CE04OSPS-SF01B-3D-SPKIRA102,2026-07-13,175 MiB,175 MiB,100.0,175 MiB,100.0,18.1,
CE04OSPS-SF01B-3D-SPKIRA102,2026-07-20,175 MiB,175 MiB,100.0,175 MiB,100.0,14.4,
CE04OSPS-SF01B-3D-SPKIRA102,2026-07-27,175 MiB,175 MiB,100.0,175 MiB,100.0,13.3,
CE04OSPS-SF01B-3D-SPKIRA102,2026-08-03,175 MiB,175 MiB,100.0,175 MiB,100.0,20.2,
RS03AXPS-SF03A-3D-SPKIRA301,2026-05-11,175 MiB,175 MiB,100.0,175 MiB,100.0,38.3,
RS03AXPS-SF03A-3D-SPKIRA301,2026-05-18,175 MiB,175 MiB,100.0,175 MiB,100.0,39.1,
RS03AXPS-SF03A-3D-SPKIRA301,2026-05-25,175 MiB,175 MiB,100.0,175 MiB,100.0,41.7,
RS03AXPS-SF03A-3D-SPKIRA301,2026-06-01,175 MiB,175 MiB,100.0,175 MiB,100.0,43.1,
RS03AXPS-SF03A-3D-SPKIRA301,2026-06-08,175 MiB,175 MiB,100.0,175 MiB,100.0,41.6,
RS03AXPS-SF03A-3D-SPKIRA301,2026-06-15,175 MiB,175 MiB,100.0,175 MiB,100.0,38.9,
RS03AXPS-SF03A-3D-SPKIRA301,2026-06-22,175 MiB,175 MiB,100.0,175 MiB,100.0,39.7,
RS03AXPS-SF03A-3D-SPKIRA301,2026-06-29,175 MiB,175 MiB,100.0,175 MiB,100.0,41.6,
RS03AXPS-SF03A-3D-SPKIRA301,2026-07-06,175 MiB,175 MiB,100.0,175 MiB,100.0,42.5,
RS03AXPS-SF03A-3D-SPKIRA301,2026-07-13,175 MiB,175 MiB,100.0,175 MiB,100.0,40.6,
RS03AXPS-SF03A-3D-SPKIRA301,2026-07-20,175 MiB,175 MiB,100.0,175 MiB,100.0,39.1,
RS03AXPS-SF03A-3D-SPKIRA301,2026-07-27,175 MiB,175 MiB,100.0,175 MiB,100.0,38.9,
RS03AXPS-SF03A-3D-SPKIRA301,2026-08-03,175 MiB,175 MiB,100.0,175 MiB,100.0,40.8,
RS03ASHS-MJ03B-07-TMPSFA301,2026-05-11,14.7 MiB,14.8 MiB,99.3,14.8 MiB,99.3,100.0,
RS03ASHS-MJ03B-07-TMPSFA301,2026-05-18,14.7 MiB,14.8 MiB,99.3,14.8 MiB,99.3,100.0,
RS03ASHS-MJ03B-07-TMPSFA301,2026-05-25,14.7 MiB,14.8 MiB,99.3,14.8 MiB,99.3,100.0,
RS03ASHS-MJ03B-07-TMPSFA301,2026-06-01,14.7 MiB,14.8 MiB,99.3,14.8 MiB,99.3,100.0,
RS03ASHS-MJ03B-07-TMPSFA301,2026-06-08,14.7 MiB,14.8 MiB,99.3,14.8 MiB,99.3,100.0,
RS03ASHS-MJ03B-07-TMPSFA301,2026-06-15,14.7 MiB,14.8 MiB,99.3,14.8 MiB,99.3,100.0,
RS03ASHS-MJ03B-07-TMPSFA301,2026-06-22,14.7 MiB,14.8 MiB,99.3,14.8 MiB,99.3,100.0,
RS03ASHS-MJ03B-07-TMPSFA301,2026-06-29,14.7 MiB,14.8 MiB,99.3,14.8 MiB,99.3,100.0,
RS03ASHS-MJ03B-07-TMPSFA301,2026-07-06,14.7 MiB,14.8 MiB,99.3,14.8 MiB,99.3,100.0,
RS03ASHS-MJ03B-07-TMPSFA301,2026-07-13,14.7 MiB,14.8 MiB,99.3,14.8 MiB,99.3,100.0,
RS03ASHS-MJ03B-07-TMPSFA301,2026-07-20,14.7 MiB,14.8 MiB,99.3,14.8 MiB,99.3,100.0,
RS03ASHS-MJ03B-07-TMPSFA301,2026-07-27,14.7 MiB,14.8 MiB,99.3,14.8 MiB,99.3,100.0,
RS03ASHS-MJ03B-07-TMPSFA301,2026-08-03,14.7 MiB,14.8 MiB,99.3,14.8 MiB,99.3,100.0,
RS03INT1-MJ03C-10-TRHPHA301,2026-05-11,5.66 MiB,5.68 MiB,99.6,5.68 MiB,99.6,100.0,
RS03INT1-MJ03C-10-TRHPHA301,2026-05-18,5.66 MiB,5.68 MiB,99.6,5.68 MiB,99.6,100.0,
RS03INT1-MJ03C-10-TRHPHA301,2026-05-25,5.66 MiB,5.68 MiB,99.6,5.68 MiB,99.6,100.0,
RS03INT1-MJ03C-10-TRHPHA301,2026-06-01,5.66 MiB,5.68 MiB,99.6,5.68 MiB,99.6,100.0,
RS03INT1-MJ03C-10-TRHPHA301,2026-06-08,5.65 MiB,5.68 MiB,99.5,5.68 MiB,99.5,100.0,
RS03INT1-MJ03C-10-TRHPHA301,2026-06-15,5.65 MiB,5.68 MiB,99.5,5.68 MiB,99.5,100.0,
RS03INT1-MJ03C-10-TRHPHA301,2026-06-22,5.65 MiB,5.68 MiB,99.5,5.68 MiB,99.5,100.0,
RS03INT1-MJ03C-10-TRHPHA301,2026-06-29,5.65 MiB,5.68 MiB,99.5,5.68 MiB,99.5,100.0,
RS03INT1-MJ03C-10-TRHPHA301,2026-07-06,5.65 MiB,5.68 MiB,99.5,5.68 MiB,99.5,100.0,
RS03INT1-MJ03C-10-TRHPHA301,2026-07-13,5.65 MiB,5.68 MiB,99.5,5.68 MiB,99.5,100.0,
RS03INT1-MJ03C-10-TRHPHA301,2026-07-20,5.66 MiB,5.68 MiB,99.6,5.68 MiB,99.6,100.0,
RS03INT1-MJ03C-10-TRHPHA301,2026-07-27,5.65 MiB,5.68 MiB,99.5,5.68 MiB,99.5,100.0,
RS03INT1-MJ03C-10-TRHPHA301,2026-08-03,5.65 MiB,5.68 MiB,99.5,5.68 MiB,99.5,100.0,
RS03INT1-MJ03C-09-TRHPHA302,2026-05-11,5.66 MiB,5.64 MiB,100.3,5.64 MiB,100.3,,
RS03INT1-MJ03C-09-TRHPHA302,2026-05-18,5.64 MiB,5.64 MiB,100.0,5.64 MiB,100.0,,
RS03INT1-MJ03C-09-TRHPHA302,2026-05-25,5.63 MiB,5.64 MiB,99.8,5.64 MiB,99.8,,
RS03INT1-MJ03C-09-TRHPHA302,2026-06-01,5.63 MiB,5.64 MiB,99.7,5.64 MiB,99.7,,
RS03INT1-MJ03C-09-TRHPHA302,2026-06-08,5.65 MiB,5.64 MiB,100.1,5.64 MiB,100.1,,
RS03INT1-MJ03C-09-TRHPHA302,2026-06-15,5.65 MiB,5.64 MiB,100.1,5.64 MiB,100.1,,
RS03INT1-MJ03C-09-TRHPHA302,2026-06-22,5.64 MiB,5.64 MiB,99.9,5.64 MiB,99.9,,
RS03INT1-MJ03C-09-TRHPHA302,2026-06-29,5.64 MiB,5.64 MiB,99.9,5.64 MiB,99.9,,
RS03INT1-MJ03C-09-TRHPHA302,2026-07-06,5.65 MiB,5.64 MiB,100.1,5.64 MiB,100.1,,
RS03INT1-MJ03C-09-TRHPHA302,2026-07-13,5.64 MiB,5.64 MiB,99.9,5.64 MiB,99.9,,
RS03INT1-MJ03C-09-TRHPHA302,2026-07-20,5.65 MiB,5.64 MiB,100.1,5.64 MiB,100.1,,
RS03INT1-MJ03C-09-TRHPHA302,2026-07-27,5.65 MiB,5.64 MiB,100.1,5.64 MiB,100.1,,
RS03INT1-MJ03C-09-TRHPHA302,2026-08-03,5.65 MiB,5.64 MiB,100.1,5.64 MiB,100.1,,
RS01SBPS-PC01A-06-VADCPB101,2026-05-11,2.04 GiB,2.04 GiB,100.0,2.04 GiB,100.0,,
RS01SBPS-PC01A-06-VADCPB101,2026-05-18,2.04 GiB,2.04 GiB,100.0,2.04 GiB,100.0,,
RS01SBPS-PC01A-06-VADCPB101,2026-05-25,2.03 GiB,2.04 GiB,99.8,2.04 GiB,99.8,,
RS01SBPS-PC01A-06-VADCPB101,2026-06-01,2.03 GiB,2.04 GiB,99.7,2.04 GiB,99.7,,
RS01SBPS-PC01A-06-VADCPB101,2026-06-08,2.03 GiB,2.04 GiB,99.6,2.04 GiB,99.6,,
RS01SBPS-PC01A-06-VADCPB101,2026-06-15,2.03 GiB,2.04 GiB,99.7,2.04 GiB,99.7,,
RS01SBPS-PC01A-06-VADCPB101,2026-06-22,2.06 GiB,2.04 GiB,101.3,2.04 GiB,101.3,,
RS01SBPS-PC01A-06-VADCPB101,2026-06-29,2.04 GiB,2.04 GiB,100.3,2.04 GiB,100.3,,
RS01SBPS-PC01A-06-VADCPB101,2026-07-06,2.04 GiB,2.04 GiB,100.2,2.04 GiB,100.2,,
RS01SBPS-PC01A-06-VADCPB101,2026-07-13,2.07 GiB,2.04 GiB,101.4,2.04 GiB,101.4,,
RS01SBPS-PC01A-06-VADCPB101,2026-07-20,2.05 GiB,2.04 GiB,100.8,2.04 GiB,100.8,,
RS01SBPS-PC01A-06-VADCPB101,2026-07-27,2.06 GiB,2.04 GiB,101.1,2.04 GiB,101.1,,
RS01SBPS-PC01A-06-VADCPB101,2026-08-03,2.04 GiB,2.04 GiB,100.3,2.04 GiB,100.3,,
RS03AXPS-PC03A-06-VADCPB301,2026-05-11,2.04 GiB,2.03 GiB,100.2,2.03 GiB,100.2,,
RS03AXPS-PC03A-06-VADCPB301,2026-05-18,2.03 GiB,2.03 GiB,100.0,2.03 GiB,100.0,,
RS03AXPS-PC03A-06-VADCPB301,2026-05-25,2.02 GiB,2.03 GiB,99.5,2.03 GiB,99.5,,
RS03AXPS-PC03A-06-VADCPB301,2026-06-01,2.03 GiB,2.03 GiB,99.7,2.03 GiB,99.7,,
RS03AXPS-PC03A-06-VADCPB301,2026-06-08,2.03 GiB,2.03 GiB,100.0,2.03 GiB,100.0,,
RS03AXPS-PC03A-06-VADCPB301,2026-06-15,2.03 GiB,2.03 GiB,99.7,2.03 GiB,99.7,,
RS03AXPS-PC03A-06-VADCPB301,2026-06-22,2.03 GiB,2.03 GiB,99.7,2.03 GiB,99.7,,
RS03AXPS-PC03A-06-VADCPB301,2026-06-29,2.02 GiB,2.03 GiB,99.5,2.03 GiB,99.5,,
RS03AXPS-PC03A-06-VADCPB301,2026-07-06,2.02 GiB,2.03 GiB,99.2,2.03 GiB,99.2,,
RS03AXPS-PC03A-06-VADCPB301,2026-07-13,2.02 GiB,2.03 GiB,99.1,2.03 GiB,99.1,,
RS03AXPS-PC03A-06-VADCPB301,2026-07-20,2.02 GiB,2.03 GiB,99.1,2.03 GiB,99.1,,
RS03AXPS-PC03A-06-VADCPB301,2026-07-27,2.02 GiB,2.03 GiB,99.1,2.03 GiB,99.1,,
RS03AXPS-PC03A-06-VADCPB301,2026-08-03,2.02 GiB,2.03 GiB,99.2,2.03 GiB,99.2,,
RS01SLBS-MJ01A-12-VEL3DB101,2026-05-11,64.4 MiB,64.4 MiB,100.0,64.4 MiB,100.0,100.0,
RS01SLBS-MJ01A-12-VEL3DB101,2026-05-18,64.4 MiB,64.4 MiB,100.0,64.4 MiB,100.0,99.8,
RS01SLBS-MJ01A-12-VEL3DB101,2026-05-25,64.4 MiB,64.4 MiB,100.0,64.4 MiB,100.0,99.2,
RS01SLBS-MJ01A-12-VEL3DB101,2026-06-01,64.4 MiB,64.4 MiB,100.0,64.4 MiB,100.0,100.0,
RS01SLBS-MJ01A-12-VEL3DB101,2026-06-08,64.4 MiB,64.4 MiB,100.0,64.4 MiB,100.0,100.0,
RS01SLBS-MJ01A-12-VEL3DB101,2026-06-15,64.4 MiB,64.4 MiB,100.0,64.4 MiB,100.0,100.0,
RS01SLBS-MJ01A-12-VEL3DB101,2026-06-22,64.4 MiB,64.4 MiB,100.0,64.4 MiB,100.0,100.0,
RS01SLBS-MJ01A-12-VEL3DB101,2026-06-29,64.4 MiB,64.4 MiB,100.0,64.4 MiB,100.0,100.0,
RS01SLBS-MJ01A-12-VEL3DB101,2026-07-06,64.4 MiB,64.4 MiB,100.0,64.4 MiB,100.0,100.0,
RS01SLBS-MJ01A-12-VEL3DB101,2026-07-13,64.4 MiB,64.4 MiB,100.0,64.4 MiB,100.0,100.0,
RS01SLBS-MJ01A-12-VEL3DB101,2026-07-20,64.4 MiB,64.4 MiB,100.0,64.4 MiB,100.0,100.0,
RS01SLBS-MJ01A-12-VEL3DB101,2026-07-27,64.4 MiB,64.4 MiB,100.0,64.4 MiB,100.0,99.8,
RS01SLBS-MJ01A-12-VEL3DB101,2026-08-03,64.4 MiB,64.4 MiB,100.0,64.4 MiB,100.0,99.7,
RS01SUM1-LJ01B-12-VEL3DB104,2026-05-11,64.4 MiB,64.4 MiB,100.0,64.4 MiB,100.0,100.0,
RS01SUM1-LJ01B-12-VEL3DB104,2026-05-18,64.4 MiB,64.4 MiB,100.0,64.4 MiB,100.0,100.0,
RS01SUM1-LJ01B-12-VEL3DB104,2026-05-25,64.4 MiB,64.4 MiB,100.0,64.4 MiB,100.0,100.0,
RS01SUM1-LJ01B-12-VEL3DB104,2026-06-01,64.4 MiB,64.4 MiB,100.0,64.4 MiB,100.0,100.0,
RS01SUM1-LJ01B-12-VEL3DB104,2026-06-08,64.4 MiB,64.4 MiB,100.0,64.4 MiB,100.0,100.0,
RS01SUM1-LJ01B-12-VEL3DB104,2026-06-15,64.4 MiB,64.4 MiB,100.0,64.4 MiB,100.0,100.0,
RS01SUM1-LJ01B-12-VEL3DB104,2026-06-22,64.4 MiB,64.4 MiB,100.0,64.4 MiB,100.0,100.0,
RS01SUM1-LJ01B-12-VEL3DB104,2026-06-29,64.4 MiB,64.4 MiB,100.0,64.4 MiB,100.0,100.0,
RS01SUM1-LJ01B-12-VEL3DB104,2026-07-06,64.4 MiB,64.4 MiB,100.0,64.4 MiB,100.0,99.9,
RS01SUM1-LJ01B-12-VEL3DB104,2026-07-13,64.4 MiB,64.4 MiB,100.0,64.4 MiB,100.0,100.0,
RS01SUM1-LJ01B-12-VEL3DB104,2026-07-20,64.4 MiB,64.4 MiB,100.0,64.4 MiB,100.0,100.0,
RS01SUM1-LJ01B-12-VEL3DB104,2026-07-27,64.4 MiB,64.4 MiB,100.0,64.4 MiB,100.0,99.7,
RS01SUM1-LJ01B-12-VEL3DB104,2026-08-03,64.4 MiB,64.4 MiB,100.0,64.4 MiB,100.0,99.6,
RS03AXBS-MJ03A-12-VEL3DB301,2026-05-11,64.4 MiB,64.4 MiB,100.0,64.4 MiB,100.0,100.0,
RS03AXBS-MJ03A-12-VEL3DB301,2026-05-18,64.4 MiB,64.4 MiB,100.0,64.4 MiB,100.0,100.0,
RS03AXBS-MJ03A-12-VEL3DB301,2026-05-25,64.4 MiB,64.4 MiB,100.0,64.4 MiB,100.0,100.0,
RS03AXBS-MJ03A-12-VEL3DB301,2026-06-01,64.4 MiB,64.4 MiB,100.0,64.4 MiB,100.0,100.0,
RS03AXBS-MJ03A-12-VEL3DB301,2026-06-08,64.4 MiB,64.4 MiB,100.0,64.4 MiB,100.0,100.0,
RS03AXBS-MJ03A-12-VEL3DB301,2026-06-15,64.4 MiB,64.4 MiB,100.0,64.4 MiB,100.0,100.0,
RS03AXBS-MJ03A-12-VEL3DB301,2026-06-22,64.4 MiB,64.4 MiB,100.0,64.4 MiB,100.0,100.0,
RS03AXBS-MJ03A-12-VEL3DB301,2026-06-29,64.4 MiB,64.4 MiB,100.0,64.4 MiB,100.0,100.0,
RS03AXBS-MJ03A-12-VEL3DB301,2026-07-06,64.4 MiB,64.4 MiB,100.0,64.4 MiB,100.0,100.0,
RS03AXBS-MJ03A-12-VEL3DB301,2026-07-13,64.4 MiB,64.4 MiB,100.0,64.4 MiB,100.0,100.0,
RS03AXBS-MJ03A-12-VEL3DB301,2026-07-20,64.4 MiB,64.4 MiB,100.0,64.4 MiB,100.0,100.0,
RS03AXBS-MJ03A-12-VEL3DB301,2026-07-27,64.4 MiB,64.4 MiB,100.0,64.4 MiB,100.0,100.0,
RS03AXBS-MJ03A-12-VEL3DB301,2026-08-03,64.4 MiB,64.4 MiB,100.0,64.4 MiB,100.0,100.0,
RS03INT2-MJ03D-12-VEL3DB304,2026-05-11,64.4 MiB,64.4 MiB,100.0,64.4 MiB,100.0,100.0,
RS03INT2-MJ03D-12-VEL3DB304,2026-05-18,64.4 MiB,64.4 MiB,100.0,64.4 MiB,100.0,100.0,
RS03INT2-MJ03D-12-VEL3DB304,2026-05-25,64.4 MiB,64.4 MiB,100.0,64.4 MiB,100.0,100.0,
RS03INT2-MJ03D-12-VEL3DB304,2026-06-01,64.4 MiB,64.4 MiB,100.0,64.4 MiB,100.0,100.0,
RS03INT2-MJ03D-12-VEL3DB304,2026-06-08,64.4 MiB,64.4 MiB,100.0,64.4 MiB,100.0,100.0,
RS03INT2-MJ03D-12-VEL3DB304,2026-06-15,64.4 MiB,64.4 MiB,100.0,64.4 MiB,100.0,100.0,
RS03INT2-MJ03D-12-VEL3DB304,2026-06-22,64.4 MiB,64.4 MiB,100.0,64.4 MiB,100.0,100.0,
RS03INT2-MJ03D-12-VEL3DB304,2026-06-29,64.4 MiB,64.4 MiB,100.0,64.4 MiB,100.0,100.0,
RS03INT2-MJ03D-12-VEL3DB304,2026-07-06,64.4 MiB,64.4 MiB,100.0,64.4 MiB,100.0,100.0,
RS03INT2-MJ03D-12-VEL3DB304,2026-07-13,64.4 MiB,64.4 MiB,100.0,64.4 MiB,100.0,100.0,
RS03INT2-MJ03D-12-VEL3DB304,2026-07-20,64.4 MiB,64.4 MiB,100.0,64.4 MiB,100.0,100.0,
RS03INT2-MJ03D-12-VEL3DB304,2026-07-27,64.4 MiB,64.4 MiB,100.0,64.4 MiB,100.0,100.0,
RS03INT2-MJ03D-12-VEL3DB304,2026-08-03,64.4 MiB,64.4 MiB,100.0,64.4 MiB,100.0,100.0,
CE04OSBP-LJ01C-07-VEL3DC107,2026-05-11,210 MiB,210 MiB,100.0,210 MiB,100.0,87.5,
CE04OSBP-LJ01C-07-VEL3DC107,2026-05-18,210 MiB,210 MiB,100.0,210 MiB,100.0,87.5,
CE04OSBP-LJ01C-07-VEL3DC107,2026-05-25,210 MiB,210 MiB,100.0,210 MiB,100.0,87.5,
CE04OSBP-LJ01C-07-VEL3DC107,2026-06-01,210 MiB,210 MiB,100.0,210 MiB,100.0,87.5,
CE04OSBP-LJ01C-07-VEL3DC107,2026-06-08,210 MiB,210 MiB,100.0,210 MiB,100.0,87.5,
CE04OSBP-LJ01C-07-VEL3DC107,2026-06-15,210 MiB,210 MiB,100.0,210 MiB,100.0,87.5,
CE04OSBP-LJ01C-07-VEL3DC107,2026-06-22,210 MiB,210 MiB,100.0,210 MiB,100.0,87.5,
CE04OSBP-LJ01C-07-VEL3DC107,2026-06-29,210 MiB,210 MiB,100.0,210 MiB,100.0,87.5,
CE04OSBP-LJ01C-07-VEL3DC107,2026-07-06,210 MiB,210 MiB,100.0,210 MiB,100.0,87.5,
CE04OSBP-LJ01C-07-VEL3DC107,2026-07-13,210 MiB,210 MiB,100.0,210 MiB,100.0,87.5,
CE04OSBP-LJ01C-07-VEL3DC107,2026-07-20,210 MiB,210 MiB,100.0,210 MiB,100.0,87.5,
CE04OSBP-LJ01C-07-VEL3DC107,2026-07-27,210 MiB,210 MiB,100.0,210 MiB,100.0,87.5,
CE04OSBP-LJ01C-07-VEL3DC107,2026-08-03,210 MiB,210 MiB,100.0,210 MiB,100.0,87.5,
CE02SHBP-LJ01D-07-VEL3DC108,2026-05-11,210 MiB,210 MiB,100.0,210 MiB,100.0,87.5,
CE02SHBP-LJ01D-07-VEL3DC108,2026-05-18,210 MiB,210 MiB,100.0,210 MiB,100.0,87.5,
CE02SHBP-LJ01D-07-VEL3DC108,2026-05-25,210 MiB,210 MiB,100.0,210 MiB,100.0,87.5,
CE02SHBP-LJ01D-07-VEL3DC108,2026-06-01,210 MiB,210 MiB,100.0,210 MiB,100.0,87.5,
CE02SHBP-LJ01D-07-VEL3DC108,2026-06-08,210 MiB,210 MiB,100.0,210 MiB,100.0,87.5,
CE02SHBP-LJ01D-07-VEL3DC108,2026-06-15,210 MiB,210 MiB,100.0,210 MiB,100.0,87.5,
CE02SHBP-LJ01D-07-VEL3DC108,2026-06-22,210 MiB,210 MiB,100.0,210 MiB,100.0,87.5,
CE02SHBP-LJ01D-07-VEL3DC108,2026-06-29,210 MiB,210 MiB,100.0,210 MiB,100.0,87.5,
CE02SHBP-LJ01D-07-VEL3DC108,2026-07-06,210 MiB,210 MiB,100.0,210 MiB,100.0,87.5,
CE02SHBP-LJ01D-07-VEL3DC108,2026-07-13,210 MiB,210 MiB,100.0,210 MiB,100.0,87.5,
CE02SHBP-LJ01D-07-VEL3DC108,2026-07-20,210 MiB,210 MiB,100.0,210 MiB,100.0,87.5,
CE02SHBP-LJ01D-07-VEL3DC108,2026-07-27,210 MiB,210 MiB,100.0,210 MiB,100.0,87.5,
CE02SHBP-LJ01D-07-VEL3DC108,2026-08-03,210 MiB,210 MiB,100.0,210 MiB,100.0,87.5,
RS01SBPS-SF01A-4B-VELPTD102,2026-05-11,33.6 MiB,33.6 MiB,100.0,33.6 MiB,100.0,,
RS01SBPS-SF01A-4B-VELPTD102,2026-05-18,33.6 MiB,33.6 MiB,100.0,33.6 MiB,100.0,,
RS01SBPS-SF01A-4B-VELPTD102,2026-05-25,33.6 MiB,33.6 MiB,100.0,33.6 MiB,100.0,,
RS01SBPS-SF01A-4B-VELPTD102,2026-06-01,33.6 MiB,33.6 MiB,100.0,33.6 MiB,100.0,,
RS01SBPS-SF01A-4B-VELPTD102,2026-06-08,33.6 MiB,33.6 MiB,100.0,33.6 MiB,100.0,,
RS01SBPS-SF01A-4B-VELPTD102,2026-06-15,33.6 MiB,33.6 MiB,100.0,33.6 MiB,100.0,,
RS01SBPS-SF01A-4B-VELPTD102,2026-06-22,33.6 MiB,33.6 MiB,100.0,33.6 MiB,100.0,,
RS01SBPS-SF01A-4B-VELPTD102,2026-06-29,33.6 MiB,33.6 MiB,100.0,33.6 MiB,100.0,,
RS01SBPS-SF01A-4B-VELPTD102,2026-07-06,33.6 MiB,33.6 MiB,100.0,33.6 MiB,100.0,,
RS01SBPS-SF01A-4B-VELPTD102,2026-07-13,33.6 MiB,33.6 MiB,100.0,33.6 MiB,100.0,,
RS01SBPS-SF01A-4B-VELPTD102,2026-07-20,28.53 MiB,33.6 MiB,84.9,33.6 MiB,84.9,,
RS01SBPS-SF01A-4B-VELPTD102,2026-07-27,30.2 MiB,33.6 MiB,89.9,33.6 MiB,89.9,,
RS01SBPS-SF01A-4B-VELPTD102,2026-08-03,33.6 MiB,33.6 MiB,100.0,33.6 MiB,100.0,,
CE04OSPS-SF01B-4B-VELPTD106,2026-05-11,33.6 MiB,33.6 MiB,100.0,33.6 MiB,100.0,,
CE04OSPS-SF01B-4B-VELPTD106,2026-05-18,33.6 MiB,33.6 MiB,100.0,33.6 MiB,100.0,,
CE04OSPS-SF01B-4B-VELPTD106,2026-05-25,33.6 MiB,33.6 MiB,100.0,33.6 MiB,100.0,,
CE04OSPS-SF01B-4B-VELPTD106,2026-06-01,33.6 MiB,33.6 MiB,100.0,33.6 MiB,100.0,,
CE04OSPS-SF01B-4B-VELPTD106,2026-06-08,33.6 MiB,33.6 MiB,100.0,33.6 MiB,100.0,,
CE04OSPS-SF01B-4B-VELPTD106,2026-06-15,33.6 MiB,33.6 MiB,100.0,33.6 MiB,100.0,,
CE04OSPS-SF01B-4B-VELPTD106,2026-06-22,33.6 MiB,33.6 MiB,100.0,33.6 MiB,100.0,,
CE04OSPS-SF01B-4B-VELPTD106,2026-06-29,33.6 MiB,33.6 MiB,100.0,33.6 MiB,100.0,,
CE04OSPS-SF01B-4B-VELPTD106,2026-07-06,33.6 MiB,33.6 MiB,100.0,33.6 MiB,100.0,,
CE04OSPS-SF01B-4B-VELPTD106,2026-07-13,33.6 MiB,33.6 MiB,100.0,33.6 MiB,100.0,,
CE04OSPS-SF01B-4B-VELPTD106,2026-07-20,33.6 MiB,33.6 MiB,100.0,33.6 MiB,100.0,,
CE04OSPS-SF01B-4B-VELPTD106,2026-07-27,33.6 MiB,33.6 MiB,100.0,33.6 MiB,100.0,,
CE04OSPS-SF01B-4B-VELPTD106,2026-08-03,33.6 MiB,33.6 MiB,100.0,33.6 MiB,100.0,,
RS03AXPS-SF03A-4B-VELPTD302,2026-05-11,33.6 MiB,33.6 MiB,100.0,33.6 MiB,100.0,,
RS03AXPS-SF03A-4B-VELPTD302,2026-05-18,33.6 MiB,33.6 MiB,100.0,33.6 MiB,100.0,,
RS03AXPS-SF03A-4B-VELPTD302,2026-05-25,33.6 MiB,33.6 MiB,100.0,33.6 MiB,100.0,,
RS03AXPS-SF03A-4B-VELPTD302,2026-06-01,33.6 MiB,33.6 MiB,100.0,33.6 MiB,100.0,,
RS03AXPS-SF03A-4B-VELPTD302,2026-06-08,33.6 MiB,33.6 MiB,100.0,33.6 MiB,100.0,,
RS03AXPS-SF03A-4B-VELPTD302,2026-06-15,33.6 MiB,33.6 MiB,100.0,33.6 MiB,100.0,,
RS03AXPS-SF03A-4B-VELPTD302,2026-06-22,33.6 MiB,33.6 MiB,100.0,33.6 MiB,100.0,,
RS03AXPS-SF03A-4B-VELPTD302,2026-06-29,33.6 MiB,33.6 MiB,100.0,33.6 MiB,100.0,,
RS03AXPS-SF03A-4B-VELPTD302,2026-07-06,33.6 MiB,33.6 MiB,100.0,33.6 MiB,100.0,,
RS03AXPS-SF03A-4B-VELPTD302,2026-07-13,33.6 MiB,33.6 MiB,100.0,33.6 MiB,100.0,,
RS03AXPS-SF03A-4B-VELPTD302,2026-07-20,33.6 MiB,33.6 MiB,100.0,33.6 MiB,100.0,,
RS03AXPS-SF03A-4B-VELPTD302,2026-07-27,33.6 MiB,33.6 MiB,100.0,33.6 MiB,100.0,,
RS03AXPS-SF03A-4B-VELPTD302,2026-08-03,33.6 MiB,33.6 MiB,100.0,33.6 MiB,100.0,,
